id,predicted_label
c6d58c3f69,1
cefcc82292,0
e98005252c,2
58518c10ba,2
c32b0d16df,1
aa2510d454,1
865d1c7b16,0
a16f7ed56b,1
6d9fa191e6,0
c156e8fed5,2
f11f1ffffe,2
d41b559e9f,1
40a9b0f08e,1
d8f3da717a,2
126e3cfa1b,1
4e9266e800,0
6aed8d36c4,0
25208d6ba0,2
e2e9ac7c0e,0
ba081d77e9,1
736398e1c2,1
195bf91d47,2
1560d0a5ef,2
9ac4a418ea,1
fe8a09a5e0,2
47febf64b9,0
c02c110caa,2
ecc46e6843,0
11bfd51cef,0
c140c2dbe4,1
f43526bc93,1
101e77ae70,2
271a1da97e,0
ea0b9c3bef,1
0802a0f669,0
ab63216ae6,2
23c3a73fc6,0
985d338ef8,1
6f6c6fea9d,2
c2664ed75b,2
a956661b91,0
0e3e5e73c6,0
1ab8fd34c1,1
8117fa2533,2
8916c42b8d,1
c65868964b,2
d81aac106b,0
f677445cdb,0
10805bf82e,2
206acf3c75,0
9721cfb6ef,1
fd8926ffaa,2
530597e45b,0
90e8e71f2a,2
95afbb828a,0
4168cf9885,2
ebe9ea1ecb,1
868ca44474,1
082942d779,1
a3a051aa28,1
d1610260dd,2
2f7e0f9f3d,2
4d37dcc165,1
dbb048e569,1
560dfbf473,2
eabb83cb0c,1
81dbac155f,0
01874127e0,1
324a4f0da0,2
a0b1eeb830,1
914b530757,0
f469087306,1
89c44454bb,2
01699b0a8c,1
c148198cdc,2
ea68ca4d71,0
83d32253ff,0
f2ce237405,1
a357a4c329,2
e7ca02b50f,2
c342fd39ac,0
979182c092,1
408628f5b2,2
828b2dc89f,1
0abb490273,2
479c4ad2a4,2
923e58ba4a,2
c00048993c,1
0fbe18afe1,1
07f3f542b2,2
981c6f5c15,0
4acb0d0a7f,1
b31af3320b,1
fda0623fa0,2
7c94437b29,2
0540817ced,1
740c34dec2,1
f25d51d911,0
d64a31ab7d,1
0407d5179a,1
7c76ea83c6,0
159528bbfd,2
f0e07080aa,1
6499d4440e,0
15265af8f0,2
9c0b597928,0
033527da61,2
8e3b08c730,0
48efbfd63b,2
c0df00a780,1
5e71fd08db,2
f77a7c7667,2
be5bd6ee12,1
c4c5a04a19,1
cca0f4d671,1
a653810d2a,2
6c6c2a0a50,1
11a8bb1532,1
d670f34bde,2
76f97a920d,2
8788719e7c,0
335c1cafdc,1
65913a9534,2
a60fe1058c,0
053cd47aa3,2
00a76a81a2,2
b93041378a,1
f93367edb3,1
8153e32f1e,0
3f3579f61d,1
454d5e0a59,1
f7bf792d7d,1
9226c99298,1
fe7d510298,2
bd4ebcf1d4,2
07f3fb3328,1
f9eaae9673,0
ae5cd61d9e,1
18bdd19ffe,0
1d28db6c9a,1
2089d1b0a3,1
be6a9c798d,1
da58d362b3,1
1d8c467a0e,0
87f34a926f,2
4cc4b73580,2
b88327cf5b,2
55524b68b4,2
03347a5a80,2
53e3593eba,1
e2ab186e45,2
8d6c49b649,2
f9ee50f08d,1
12051e5659,2
2a7c348845,2
797f109096,0
70a495721e,2
bad35724ac,2
f053d7735d,2
3781e644a0,2
843ccc3492,0
c58d2374af,0
b181ef0986,0
1d3427a65a,2
840788ea6a,0
0ce3931a1c,2
747ea4221b,2
dde8c2d337,1
95081db694,0
1caffb4201,0
f866706944,2
f19b1bc464,1
c6db2b8b0c,2
26d56f81b4,0
c2a62c0dee,0
25c236e70e,1
cd41b8b517,2
b269007b0b,2
8d64740fa8,1
47228d065b,0
90e1e6624a,1
8169b51f9e,0
9eba5bd185,2
4ee92d7452,0
bcf23acd14,1
8c96cebc94,2
4c55f116ea,0
29dd44f180,0
142d1e90d0,2
0705b5fcae,0
965aead0f9,0
72125071d3,0
65da1f45bb,2
6ad61c560b,2
d947ed7814,1
d3226effb4,0
9367bcb2e8,1
b036a02689,1
fd61e08443,0
95d51b25de,2
df02edf84e,1
0f370e8a5f,0
12ee491f0d,2
1bf54d8e18,2
54c381f8e9,1
b5d8670f78,0
604706577e,1
0cd9abb439,0
95718541d6,0
9d814fe78e,0
3be2fd98ba,1
208a5d2050,2
76e3102a71,1
9d6527cc05,0
7fb0ee0d7a,1
65c613b740,2
f80e1d3d09,0
1cdd43743c,1
fdae4cee12,1
62a4b25585,0
14429beca3,2
a2e2b87de9,1
e2c0e188fa,2
461c7c397b,1
3fc843810d,2
12ddf600bd,1
f0d46f4c2e,0
c2f4d5ff32,0
84ee3d2e82,1
e7119958d5,1
00deb39e72,2
7d491168a8,0
3348ea4471,0
a6b617e4ec,2
db4d66d4ed,0
ed35c4682f,0
c53f0b10e5,2
ba6b8d322d,2
347add9c22,1
ecf1e13d6f,1
8063b75d3a,2
5a00124a20,1
fc60e7b8c6,2
c462ed131d,1
6a7ef38baa,2
809cbcd2c7,0
c958369a67,0
47bc9c35fb,0
c02fb02d31,1
e664502768,1
33f66aef6d,2
e1fcae2570,0
75681556cf,1
fb11c058a3,1
4342a8ec3e,2
189c1ba5c7,1
1d4162343e,0
f8a1864661,1
caba2b13fc,2
0d0599b8cd,1
6259c31e5c,1
e30eaf05a9,2
cdb29e66fc,0
03a160ae89,2
149afaad0b,1
9d5003f950,2
0e22b9ff4e,0
57ee711d64,0
c339b960ec,1
7c092eac9f,1
406ac9b8f2,0
c0bed218c7,0
35ac0316be,0
d2bbccf980,1
03cd2b5f22,1
e3b53c72eb,1
d3ccf6dfd9,1
87934bc95e,1
3cac6e57e9,0
93060f14b3,2
7c09327384,0
481db0dba8,2
b536154ef2,1
12d9af5851,0
a22b51c68a,2
90cf466a22,1
42c14a7720,1
f709d445c7,1
65b6969f49,2
cd5bbc1375,0
10ffd2f59d,2
c542bdf203,2
6925bfc016,1
2d1cf74e73,1
8a6b65d66b,2
dc54a17194,0
432f50113b,1
89de0d762e,1
c2c2e7e4d9,1
37c98de879,1
3cfb9f976c,2
353477011e,1
0aa1ad5671,2
7aadc0a325,2
4e6a3ec2ef,1
16f6384111,2
c6417affe5,2
c90dc99832,2
1537d937c6,0
5ece7b23f9,0
f5d74be419,0
ea853858d4,0
0f8f59d99d,2
7514593f83,2
dfc56f7f62,2
91f394f1ac,2
1b6d8059a3,2
bca8a1a0ed,1
031f008818,2
4dc56b7910,0
914a17e8de,0
783c430d8f,0
b23b093d7c,1
4f19012f56,0
d96539f529,2
83e7d866fb,0
66cbd2334d,0
c3e2152e63,2
c63e2b490d,0
34d7a9ce14,1
e52eb343f0,0
0d6d19b396,2
124ecdce1f,2
703687704e,2
8b866caa4c,0
078c91dd49,1
c34863c1f4,1
689d2f8de8,0
7bb1bde56f,0
83d5846a78,1
41b983b4d1,1
2bd34f85fa,0
fd07fcd604,0
e048bad76d,0
5616b0de03,0
a6f72cb779,0
5cdf5bdab5,1
337a8b498a,1
2c9cd1897c,2
ba181a14a1,1
3bc75dcbfe,0
4aa0dbc350,1
917cf0a8bd,1
44e8b76070,1
76ba85a8bc,2
e8e0fa6bbe,0
9e17041953,1
de5657b6e0,1
9315a61348,1
bc3f779ec3,2
8fe4e9eafb,0
06e4ac75cc,2
88747bd1f9,0
e8111d3288,0
24e79c62eb,1
67d570bba4,1
0dab581af9,2
45a5841a95,2
a90bce8aef,2
38832dee1f,2
ca7ffc8127,2
7c2018c1ad,0
266c820897,2
423bf8baba,0
f78d8aa200,1
f1ac71618e,2
be4527f31f,2
d476ddd84f,2
1352334107,2
b87b3c62be,2
d04807e35a,2
0b6d8b0ce3,2
11848b8adc,2
c1d2d71c3c,2
dcead0671f,1
6b3f8b8e6d,2
605bc369ba,0
c492fd9389,1
4c416360ce,2
cc33756000,0
e9b0295030,2
76f33c5d6e,0
9b9ea6999b,1
ef61253e19,2
8a7f1c871e,2
e6fd31f642,0
3d7e2abded,2
9729696edc,2
e42cd23ed8,2
e6613a6ada,0
4e5cfee380,2
4148328322,0
7b815a02ea,2
44ae0c067a,0
95641818fa,1
67fce3ce02,1
9ec72fe18e,2
a02bada17a,1
2f6fcf5e4d,2
b3b5e091b5,2
668624f71b,0
4a5f68fd43,2
09cc2949e5,0
42f9957b5f,0
87e5101b51,1
be36bf7462,0
4a11baadd8,1
e0bc749255,1
883e22410d,1
70e19e33f7,2
196200def8,0
f8fd92a3af,2
bb4a8285f0,0
fd776936fe,1
6ee09755a2,2
d5ebd4785e,2
f50d8e5f2c,1
42e5e90931,0
d320e854b8,1
05129bb42c,2
0261226cde,0
e2334865f6,0
615b0c07b5,1
511a6763fb,1
775ff946b4,1
be5b734eeb,0
9da855fc99,1
94d218da47,1
484a05a1b7,0
912208c6f4,1
bf8e86c31d,2
8695683532,1
945967e7e2,1
f9d623e8ea,0
95bfb82dfa,2
81d046c389,0
f1a4517f21,0
377eba8724,1
0503644693,1
f74b4be740,0
829a74666b,2
34c3220ee5,1
e60ee72e52,2
d1e44887f9,1
3ef8a6e093,1
e8b3230b0c,0
cbcd3d9622,0
54a5219173,2
acdc565a50,2
97117849d2,0
de0a45fec1,1
44a858d12e,0
b16874537e,2
0f0a90948b,0
9b398e480d,0
f8cdec204e,1
1d9483ee28,0
4cdeea9cf3,2
14b9b9272e,2
6c045c4d23,2
816d53bd41,2
42168df05a,1
f3c7185a77,2
1bde710cf9,0
a382b153a3,0
269fba99fa,2
4fbb1086ff,0
7f459fe1db,2
2253263227,2
68acec71e2,2
269151a160,2
80d2e72419,2
f8274f586e,0
91bfe3daf7,1
ab04aa6fa1,0
a7008c7c59,1
dc4bd47b99,0
46976518e1,1
56224914c3,1
4e5ba4e2a0,2
3a699ec0db,0
20459e1397,2
0238043528,2
3759ca0204,0
233dfba319,1
ddadfa3ef5,0
bed7eed97a,1
474ead0fc7,0
147dc077ea,1
ae793b07c9,2
e37b3dff93,0
f3ca30b42a,1
19c159954d,0
4970743963,2
35ee1973ea,1
534faefdcc,2
e04c6f778f,0
f55ba7c41b,1
e63f86e423,2
3358d94f20,0
47ec7618f5,0
e8a3a11696,2
56c12fc7f5,2
1bffd89128,1
784468420b,2
4c600c679e,0
4d5954fd87,1
122d64aa17,1
0a2166af91,0
ae5a0b4501,0
7f36835064,2
cd03088aa8,2
7948243739,2
c967229ff8,2
c503c71faa,0
8f12b62fcf,1
a5fb88b476,1
ff014d2731,0
c2ab7e0d4e,2
111f0f206c,1
cb312d2d4e,0
4eaf5e1233,1
7c7c6e4960,1
40999e269d,1
a7bb0cf428,1
b7d51414b9,2
04c7237a30,1
74d3182706,2
1679f5ccc4,1
0b118b04c2,2
041ecd4b18,0
126987ba25,2
b82b4f6fe0,0
fe0ce2d412,2
bb26302f60,1
1b93b7bf0a,1
5ce1b35613,1
f2955735f8,0
9b0eec1536,0
f69894b07b,2
78a0994fc2,1
75caf8bed0,0
f5ebf408a1,0
b3614435f9,1
d6ccdc92f4,2
a2a21a2671,2
420eba7f83,2
13b3624406,2
652956afeb,1
6974ef01ea,2
f9b76f5789,1
ab48ab7772,2
c112c039c4,0
0e458015ea,1
4d1f77f67d,0
ed7a78496f,1
6f62de7b8f,2
8f960fdcb7,0
92dfa3590f,2
2de87aa3a8,0
22c59c5cfc,0
60dfdf9bf1,1
9708a04e6a,2
c00a43b67c,1
627fff934e,0
a95c86d303,1
4364b442d9,0
1de317dd96,0
9e5700e149,0
6b0042e99a,2
9c5773d895,1
fdb0422f04,2
414ebceb29,1
365aeadef7,2
4f7042686d,0
32d5fd64c3,0
09539f72be,2
d3f804fc6e,2
83cb4a2bfc,2
ed96a83704,0
bdc1cd48b6,2
b98603702e,0
9db52a5acc,1
5e797282a3,2
6caa0dccda,2
ff33442350,0
c9fccc4123,0
036d595d55,1
43f846ff5e,0
fb557072c3,1
6fd8b1ef3d,0
a7e9b32755,1
71631765ca,2
0848d6d3fb,2
43650984f0,0
266b1ce7d0,0
7b5f42b267,2
ea1c26c45e,1
e1fa3f2c5f,1
4d1017a2ff,2
0aacff4d03,0
588a39236b,0
52ed4e0f76,1
7414caa86e,1
eb77e2e939,1
c74b15bdb5,2
57dae09a2b,1
fe1cab16e6,1
249446d4ba,2
58eb2b6f0b,1
7fb8126947,0
e10f1fd8f4,1
d59c6e64a3,2
72bcca47a9,1
9dddec3c8b,0
93865426ff,0
1445eb93ee,1
d15227376c,0
663f493043,1
d9b2ab1b77,0
d86417a723,0
a915b86890,1
dbc93c21ee,1
75465ab0ca,0
93bef37be9,2
a52d8cf1d3,2
9321efc8e8,0
d34c1f5bd9,1
bc73ce64e9,1
7b3cce7358,1
d6b68e7dd3,1
77ae8408da,0
11bc5f33e0,0
dde0667ef8,1
5825f588c5,1
e56d273097,1
6b3d384bc5,0
a026369f08,2
40a3f973cc,2
db27467663,1
9bb50db463,0
66c33e81fc,2
7f5a0f2895,0
b753788227,0
d26aa6dd9a,1
8372aea853,1
844a1ad008,1
d15be1eb93,0
534bfcb5f0,1
932192c160,1
c72e9bac78,1
bde03e9e8c,1
27eabe981d,2
f2e4bdee71,1
435ff1fb6e,1
f437e2979e,2
b0abb3036c,1
39401af82a,1
e595d6cd62,2
2c8380eb93,0
4270e65a11,0
763294db7b,2
7ef3de34fa,0
d9e8ebc2c0,2
98aadd5492,1
270d6f4974,1
5cec2e326a,1
2a051805cd,2
274e45fcc6,0
f75f7433cd,2
fa19f0e92e,2
b69f1278f6,0
7cd553fd2e,1
8958779065,2
c001208476,0
253147ad80,0
5a53f5f365,0
c1099d2a1c,2
b6e54baf69,1
05afc601ee,0
4436327e71,0
f76a9e11b8,1
6cc0b6c1f2,0
f266031231,1
eba80502bb,1
c9985f86e7,0
08c05e6bd7,2
7283e04bae,1
0e3ba07eea,0
7f4b3cc834,1
0ce48f9fc1,0
6581dea2d1,2
236ba027a8,1
dbd2597c7f,0
e47db528c6,1
9adf74cf1e,0
8ff6c43fcd,1
57f432ce15,1
df4fb6021c,1
8ac36799b8,0
a70d816f85,2
13fa65170f,0
edad2f8a97,1
27378df24c,0
40f39aeea8,2
6ae08b5308,0
db19071cad,0
e05577d4db,1
7675cabd51,1
df0de36fa8,2
a474441102,0
5482399b0f,1
f4409dcabd,0
a50316f36a,0
7f84d2a376,2
3ef7854cba,0
1572e921f2,2
30eba84835,0
e7b99bb758,0
5ac8055053,1
ec3f4daf54,2
7ba5cbf49a,1
37d65d7cb2,0
d5c49e4429,1
e5dd31ec29,1
3148feac93,0
3aeba1c7aa,0
86067a9824,2
a8220a6b1c,2
78530fb908,2
bd90925901,0
f64c4ee971,0
b71883f8f9,1
c7090ebabc,0
013ad01696,1
3df7ad0899,2
4712c33746,2
b089bb6fcd,0
6eb46a1423,0
78137312e8,2
02abfc2d4e,0
8b73de4474,2
c5f05c6568,1
76973236e6,1
8727b5f7c0,0
d23a3c8eab,0
6667decd77,1
c1a2e8b289,2
9238157a3f,1
1ecd0f4b2d,1
0493ee98c0,1
7cdd110905,1
3f6e39bbf9,1
fcfa1d9cc0,1
a134ebdd73,1
7316ed4800,0
73d11612c8,2
30f170c50a,0
2ff2ec175a,2
e5045cf516,0
a63ba8e83a,2
e8989af644,0
a740390b6d,1
7ca64e3b68,1
574e3f237e,1
0464cc19a9,1
0b482a01d1,0
a03c1e96b3,2
cb0a6d5b4b,2
98e22227e9,2
cbb169079d,1
d4bc837116,2
996e4bc560,1
5d0eef7077,1
f31a1f7fbc,1
ea40bcad6a,0
1d5537c166,2
64409160b4,1
1dd8ad27bc,2
0aa1b25d03,1
f38ea7a623,0
ccb1bbc36b,0
00324e1642,0
68836609ea,0
94369a319a,0
f27aa5f315,2
fe0a8ce6b2,1
89c64d9ae7,1
b8c8cded72,1
fdd2f1c9a1,2
3ace2b0bdc,1
727052643b,0
24a359b476,0
68129093c0,1
ee9e697061,2
3dcb6babbe,0
3cb6939939,1
99edf6e21f,1
210e553d20,1
fa364eaeb7,0
33610ea056,1
d7e7a28eaa,1
767c5c9dc7,0
e668bed125,2
a8a68fbbf3,0
8585ed1da7,2
f5d25cb32a,2
2bb8ecab42,0
9c14d892d8,2
434b9a3322,2
43b73428ca,2
7a99d5c716,0
982f42fdc2,1
916ed4ae8f,0
4739b265ff,0
228b8ff33c,2
da87ec3383,0
b7b7d8b62c,0
3d17f5ed9e,1
758cc04b63,0
a6b6cf39ea,0
45f7672a17,1
05fe214237,2
52bc1483e3,1
f6a6eba9e9,0
0db74c840a,0
2ba9fbf1e3,2
82294f6074,0
025eee3634,0
8c066004fb,2
8eb3c769e7,0
24ecbf79c0,0
e4969603d6,2
64a21d86ad,2
aebb6209ce,0
5f429f55bd,2
50290cfa55,1
4b90b4c94f,2
78df34ff37,0
87887ff85c,1
4df354a460,2
5f27be0631,0
4e39cfdb50,0
19f698eb28,2
5eca7e2648,2
33588680b0,2
ddf43d1e76,2
ebfd45fd1c,0
b97d576fe2,1
1fae0c4805,2
95859ece13,2
e6b1502b9e,1
1f6fa81620,0
dddbe88578,2
3bc6066bc0,2
9c532bcc17,1
3100384761,0
1aa7d03348,0
cfa1dd75de,0
4e3bb46426,2
1b2defc5da,0
c517391953,0
a106d34c33,2
9a797e767a,0
820c22078b,1
afb4464e72,0
b4031b791b,0
7cf240567c,1
6434a283cb,1
8c031e77dc,0
299a93b6d9,2
853e8fbcb0,1
3e118113ee,0
3db2431f0b,0
89326f9c73,1
b361f81522,2
fb507c42a9,1
b86c0aab7a,2
2a29cd8d13,1
7902bc0ddf,2
7e13b7e61c,2
21f516aef1,1
bcddef541a,1
1c64f9f4ce,1
a5905d851e,2
11d175de1b,2
ebae73f2fb,2
15d5882b08,1
1031542257,2
e7ea7f9fd5,0
b237c99428,0
932f3832b1,2
f442d75e60,2
2de96f97db,1
8ab4e8e5e7,2
b02ff186e4,1
3835050a5b,2
d0ec1df738,0
441d6f6e2a,0
c50909159c,1
f588dd970f,1
bacb530c43,2
6762e46a92,1
7a69efd494,0
d93d4ddf40,1
679bc83f64,2
7f688aee60,0
36c47762e1,0
af140ee3e1,1
ce41c8eae1,0
ff47a2fb74,0
d02581f656,2
5d0de96a03,1
5f5d19cad6,1
e5d570c732,0
9d61121064,1
8284c37d6e,0
e24775fa35,0
3c28c77a3a,2
26a636e7de,1
22bcae9003,1
1d160db3e6,2
a1d62c59e3,0
064bff4f10,2
3e85db6c54,2
3713c89ec5,2
c45e9a277d,1
feaf248af5,2
a798b51026,0
ff1f3a729f,2
f2ca184e3c,2
de77edec79,0
a32d02490f,0
1be97b1868,1
24808e9794,2
cf77619517,2
5c75fcdcd2,1
3c3fa5ff07,1
1261f12d7d,0
940961f751,1
5b39cdadbb,0
58b49b869e,0
e6d0312edc,2
27471969a2,1
4cd1638df3,0
603e359f5b,2
baa13e0bd0,1
37bceead18,1
737f48d505,1
d321eab7a9,1
a71b60cdec,1
114325b164,2
782c37156c,0
dac78fa9eb,2
794927e57b,0
a4d2ab23e5,1
838466de9b,0
6140cfba0d,0
0124883f72,1
fe550a7c87,0
a79903d796,1
4335e36953,0
97cbbfc0c9,1
65db2106bb,0
bb0a1db625,0
0bc16aaf9a,0
245e6b1c92,0
d182b3737f,0
5faac8d4df,2
80c5f996ba,1
0320b16051,2
82313e6094,0
557ccb8935,0
305efd65a1,1
74d263f624,2
fd43ef7d5f,1
1f7d3d00d1,1
a3833020bf,0
d74fffc6bd,1
077fa501a3,1
85f7a89680,2
402dd272ae,0
36a3b34769,1
084c396a8c,1
319d9fc467,1
c6fb482711,2
bac9df3899,2
d0e22252e9,0
3f78f2cfd8,2
005ef62089,1
ca62a7cb36,2
2a660e42bb,1
e22948f69d,0
7df5daa3eb,1
95296aa523,0
3659d2cef0,2
c0c3a38853,0
5c4efbf85f,2
0ddac53ad6,0
75574ffe8e,0
1137660493,2
d7e0469a22,0
7834ac8f9c,1
a464e48a0b,1
c723daada0,1
46d8f079ef,0
2a2da690d2,1
8422fad145,0
1b337ce265,2
d843153cfa,1
490f16dbcf,2
0dd19d6ba8,1
ff16e789d7,0
7a85395d37,0
c4c671d535,1
d2355d60c8,0
1fd2caee06,1
5c20a4b95c,2
33c6cf2f40,1
d281d17eea,1
9dadd2a0a4,2
3d2776cc72,1
0f66be3576,1
557a24e8a5,0
5bac792202,1
dc182a31bc,2
d7ce828413,1
ee87a7ea00,1
fb970bc991,1
bb7b82dd38,0
aaf83fcefb,0
2164ea7b4e,2
573929377e,2
c6aad7c698,0
09a206022d,1
43b9e60df4,2
438ed54499,0
631b278ef3,0
6da41f3ebc,0
0ebb49c10e,2
3ad7521f37,0
f7bc9a7f0d,0
135950c7c6,2
73fc1731b9,1
0ab7e85bd7,1
c44faac871,1
b7a348f52e,2
6e5e1dd794,1
77b4e167eb,0
9edd9f3172,2
b024bff5ef,0
29fd79c9d7,2
7dc2cc09db,1
2345abea2c,2
af0b95ae5f,1
69ee11f557,0
9128e324f8,0
5bb178a611,0
c3761f996b,0
9caf7b0891,2
a451a0116b,2
c96cc1ed21,2
b030c2e709,1
fdc40f8a8d,0
fa35bcae1b,2
d7292643b8,2
b86f82c825,1
d4afa78626,0
3cb22bfe35,0
f42127d810,2
42fa0ea428,2
d6a5e5b173,1
c087cd1138,2
c8d8635b16,1
a1578fbbd2,0
4a46be839e,1
585b14f5f4,0
150dcef5b9,0
837bbe1c6b,0
06a4996736,0
69d4c39973,1
052bbabf01,0
7d06ee917f,2
d5eeb10f29,2
565bcecd15,2
00af9ce2ee,0
34695c33d2,2
210bf77fcf,1
773eb8a5a6,2
20c4bcfdb7,1
d778941b47,1
e13b3e087b,0
299f8f1848,2
aa980cfc3c,0
23daac22d1,1
0441855811,1
d65219bf15,0
68633fff24,1
e3c506ce9d,1
10af87b3e0,1
b903eacf08,1
4c25511e9a,2
f2d9bb3ff7,2
8bb8fe28cc,2
9570e1d7a6,1
089a8a7971,1
34257fbe82,1
2badc63390,2
6b6558777e,1
8f4b1aa65a,0
627fdaa121,0
ab131b64a1,2
6427a64e9e,0
6fe14ace92,0
db7c3a3302,1
c8f7f3f1c1,1
13f059b5bf,1
f9c38500af,2
f1919b76c1,0
1c686188e0,0
5d80d521a4,1
9d755c525c,2
7dc4ddd8d7,2
ff251d4c66,2
f203ffcc02,1
dec0bbc1e0,2
5e3762f6ff,0
e6be1f9eb4,1
87db73e670,2
33a3c86280,2
f18e0755ee,1
125edde804,0
5fd3401fe0,1
820f2e3fc3,2
829ab3a440,2
b087e4a191,2
4318104b40,2
e7b9b4c8e7,2
2bfc050b98,0
c147cdb785,1
2a3a247d74,2
97546487a6,2
a965de0a6c,1
3d3c02fc46,0
d43f2eb30a,1
197b282710,2
7dae867602,0
823bd3f723,0
d1735653b8,2
f3e1c5f85b,2
29a71213f0,0
67e2978fdb,1
e6021e1122,2
7bf7474166,1
0aa43d6d49,1
3d533da3c4,0
053e6f86b6,0
aaf7bb8b43,1
3b00b15743,1
7fdfc459d6,2
a1acd762aa,0
0691640ea0,2
0e840ca37a,0
b23624e707,2
43bf42970b,1
dcc548fdb7,1
0b7752832c,2
246e00e9b8,0
24340b2b1b,2
56d1f867aa,0
e9325c5c2f,0
15aa341387,0
1ec477f753,2
7ca2d2d09d,1
5f4ad46699,0
2afc26e93c,1
468474f393,2
1c3ca739a2,1
d8aca8bbef,1
919806021e,1
5a52ef37fc,0
249706763f,2
cb87dafdfd,2
63354da5e1,1
a8c45c6f24,1
dda70e02f6,2
74236234ec,1
d1f3213037,2
99575386e2,1
b049d0199f,2
ff958d028b,0
3262962c57,0
0849ebb0ff,1
bce58e5426,0
33ef7e8ad4,0
7f49d02422,2
3c134fb1f2,2
59f2951c42,2
25c8939c1e,2
69d04196b0,2
6845b86f2b,2
442ebf0fbb,0
3024b80208,2
178b1159b1,0
717f023f95,1
19ccefb8b9,0
2d880d580d,2
289062515f,2
c53907201b,0
775ee101bf,0
a93d624724,1
8fea770172,1
36e5d73472,1
6e39f23d27,0
8205582339,0
5a983c910f,2
36517755c8,1
c65c99a25c,0
da15328d30,0
5703c3dda3,0
cf7be1104c,2
41d29f6c13,1
131cb3be04,1
fc09fdf1e0,0
6f09bf603d,2
3ea28fdae3,1
4e695210c5,2
8b454db5bf,1
d19f5ea583,0
4d028c4c77,2
092546fcc2,0
3ba71b99f4,1
0120906704,1
880c0e1a21,1
d61a9bea8e,1
c89ecb79b6,1
1ee9624eff,2
985cfe6a3e,2
2de44851a3,1
57a7631ce5,2
a5f12fbb4a,2
3972db3d45,0
dd1bd2c704,2
bb2df19e68,2
9e8f64714b,2
05478b3b17,0
f97d716421,0
dbb042f710,2
b92f532652,0
c8b8c26151,1
6242b45836,2
0c6b86ace1,0
973a858731,0
b82ee4e71c,1
273009901b,0
cfa1e0952a,0
cc5decccd8,2
fbae9ec0cb,1
5ff8564e86,0
2cadcb29a1,2
fc78d9bdc1,2
c12bed2d58,2
9e32e0acd3,2
2cd0f9990d,1
2f52148a84,0
3e9bcb9a1f,1
2db52d7e5a,2
b5f255f582,0
271b198fce,2
0f2479b378,2
5ecd7bd788,1
45b7b5da84,2
9d4ba55322,1
090e67f3b3,0
abf4797324,2
0ff398d6f0,0
60e74e7a02,2
acaf915b03,1
724cad9848,1
4be18418a2,2
d5b4f8d22f,0
d1915a05f3,1
7d02402353,0
55a8ea7533,0
a70b0c816f,1
106517e884,0
4f41c77382,1
55d6d1d027,2
1b59d97923,2
4085540b8e,0
5458221de2,1
2f862a7a88,0
015125ba9c,2
31729daaf2,0
6e1b609ff2,0
1c1cdbd39b,0
718edc03d1,1
8685c7c226,2
8b01a74178,0
fb9c3c2f2f,1
1e4487d9f5,0
7cc5c6dbe8,0
2591e84ca1,2
02d756851b,1
2d265964ce,2
76f4ce0d56,2
af13ee387d,2
ca2f8bb441,1
2e3047e86f,0
fccc4a140c,2
49328ab7fe,2
0369e17f3e,2
242e001793,2
e2c35d774f,0
bb8860e401,0
9c3beedf2b,1
fd3ca76ae3,2
a9b8fdb137,0
d01e50e2d7,1
801daed5cf,0
71b91da183,1
64926d3e2b,0
b6e7d8cf8e,2
9c87055e64,1
1631844bec,0
4adf05923e,1
5dd73015a8,2
9cb3c10979,1
b21f70e8f6,0
54c4119beb,2
5003bbd1af,1
dec3d26623,0
3f74e28f55,2
590c8bcbee,0
991f28613c,0
60d48a140a,1
3013eefd5f,0
58bdf493a9,2
0858aca32a,1
4f41dab600,0
c0f81d5532,2
96e347af7f,1
14e31dc2cc,2
a43d78734a,0
fcd42e9cd5,1
2f4c94cf50,2
fae2d2ca88,1
54c49d31d2,2
99f688ce62,2
11d1dcc66a,2
e763cd8a4b,2
08c91426b9,2
64d9e40c8f,0
a6bc4b99e8,0
84938cee65,2
710efa3333,2
c2b80bf44c,1
6715d58483,0
679f33cea2,0
976f0b4a09,0
9e35c6bbb6,2
6be3af4e56,0
fc02412485,1
10c5d3c2a5,1
31a6951d1d,0
54bbf65f4b,1
6bfdff72d0,1
79a7d7093b,2
56b164acb1,1
4beda3291c,2
793778f66a,0
259df00bcf,0
9a32d91657,0
5e859e7b6b,2
cb005d010e,2
43499e8091,2
9392f0340d,2
f2e39cc682,2
ba92df1d65,0
3f9ececbd7,2
c233e6f9e5,2
491a7701b5,2
df4fb019bf,1
705fb96912,1
2a35c820ef,0
6556bc1d6a,2
8af56a2ce5,2
405c20751e,2
cb46b23e18,2
71fe506dc9,1
19c411bbc6,2
b89bdc0b52,1
e590f1343c,1
e139035115,2
ecf1235c2b,1
245d68cf07,1
c6cb18b88c,1
df71895905,2
338e465331,2
b3d4710cf9,0
f9c68ebcb7,1
46a8891d8d,0
2eda0fd3ab,1
a671e1390e,0
f2373740e3,1
177666a433,0
b13042d6b3,1
e63cc9def1,0
5ffaccddd1,0
16c2a4b941,2
d0eb6054c9,2
4842fec235,1
3025783518,0
ac330b5c14,2
e38c741f1c,2
98d1cacf88,2
68f0625a48,2
3de16f1492,2
63d66667cc,0
0cc652c753,2
3503cb5847,0
75b802ab04,1
2dc415b7c3,1
d4ad327462,0
746d98d6fe,0
87d4374d88,0
302890260e,0
989b92f441,2
fd5c557853,2
c055976cd2,1
2b7d5b7438,0
953069b130,1
73afa6b5fd,2
d4d4a8e8ed,0
e0656d298f,0
98f3dfe2aa,1
16e9b62021,2
72a0894598,2
21cf457279,0
9de69eec66,1
e69f9f818e,1
35d8a1810a,1
43c5d86c8b,0
d38d3b1c1f,1
1375c30ffe,0
e2dea4e393,2
6b84e89a08,1
0ecba48ce0,2
7a759f2b1c,1
78b64e5c7a,1
e2a67177d4,1
36d05b1dc1,0
161487319e,1
212adbe328,2
b227aee39b,2
4343be90db,1
28a6907400,2
6836179364,1
ecae1c9648,2
adf9002f61,0
37a7c40c7f,2
4e35acb0d0,0
a78d1c2134,0
7b77299259,2
f4a08fe0dd,2
1db75a2a55,2
5d7c1608f0,2
0f4908bf0e,1
7d7b31c765,0
b853aa8ddc,1
ca5b533cac,0
6d2cb2b604,1
b80a4b52fe,2
893a0d7ccb,0
9d08887f37,1
f0a29648db,1
23a4904109,0
6eda0923af,0
a7bc7f40ef,1
a733f7ff8d,1
a0deaa4edf,2
3d9c7e7666,1
f0d4ab11d1,2
2dc6af9fc3,0
50ac754bdb,0
654ba3a213,2
238b28c2d3,0
2686c730ef,2
ba57d3ff22,0
422d56e2eb,0
a66045c50b,2
aaf5a494b6,1
50d530afa1,0
79a79e8423,1
b82b9f1e9f,1
c1e17f4733,1
04cbae6c67,0
82124e744d,0
8568b9c685,2
d06b4efe79,1
a17a6f7059,0
c1dad95751,1
4ab98dc00c,1
6e350cd582,0
dddbbb0193,2
57cbd61c09,2
37ee723a7e,2
dd51f4192b,1
edbc138e6d,0
a1b247ebb2,2
04c9c66e5b,2
ca76e5a254,1
1b4ac37341,1
4c8cbbbf72,2
8967c27c48,0
151ee0fdd3,2
008faf2cb8,2
2a4bc3b351,1
d1620642c8,1
d9b1674cf4,1
37f4b25f65,1
f148a6805c,1
4a0272c335,1
a3c3fe90f3,0
62cc917c6b,2
8daca4f9fa,2
034ee91af5,0
264c0b45d7,1
a44c9bf645,0
09154cdb47,1
0d6fa9af60,2
3573d71829,2
25ba01e2c3,2
eaa1c8e1ab,2
be521c99f2,1
40f6c4ed25,2
3e93ae4f78,1
f0072645c0,0
21ac0cf11c,2
ae71915391,2
ff05ada8b0,2
7abeb9e466,1
0ed11c71a5,1
d8a16c4ed1,1
7f8d09c015,0
a6a9d4d7a8,1
0c948d8251,1
93394ac9df,1
0e1177b3b2,0
ac481ef387,1
0d640c89c8,0
7ce38fd782,2
76b3eb1ed8,2
15323812f8,2
a0f215b341,0
523de3957c,1
79eb087542,1
fabdadb2a1,1
40388bef90,2
14783f781e,0
152f7a453a,1
5f7fe3b3ca,0
144c6808e1,1
0ea45948fe,0
d2cf85cca8,1
0f1a21c51e,1
8ab9fc3601,2
43060d80d0,1
d3ddb14d32,0
ae8d411a1a,0
75a3e08a87,2
26568d0729,2
ad794c4747,0
64c60b8b49,1
9c6be61e3f,0
07ebb6e835,0
060cc9939f,1
c5549eb969,0
f573181b18,1
e37a1f378b,1
d7145ffb1d,1
6fbf8c82c5,1
12f1ebfb89,0
2a63aa1add,1
2b61803639,2
a08200915c,0
aba42de974,1
b169ee2797,1
dd45af1025,0
4de7919717,2
01700092ed,0
3a8e0389f0,2
ac445228c3,1
adfb9a4ecd,0
e85c6750c9,2
def7847d30,1
aae5df7d32,2
da67be0c30,1
73672504b3,0
993b4720c5,1
8b84e7b914,0
d8cd95ef9d,2
86a415de5c,1
1dcb961459,1
331a10bc01,2
59b708d54d,0
e6d991c4c7,1
6a39d3fca6,0
f7510070c6,1
09ed9c8368,0
05cf4d7859,2
dc9111a806,0
dbec0e4176,1
20baae7533,1
cb59391a30,1
f4425c80da,0
fff8eb1ee3,2
40eded248c,2
ddaecf5b09,0
e689082c7d,0
0c7a83acad,0
6b8ce47bf7,0
a58c3bd999,2
9d66209834,2
caa1c31b0b,2
772f83c711,0
ef83acde21,2
94419f67e7,1
c736e94949,2
0b50989f5e,1
ad19a572cb,2
062bd2d789,2
7caa0317b5,1
24b0e8ce7d,0
d3405d681f,1
b96d4c1bd4,1
0d1648f444,2
7278cfe4c6,2
a1d5581fee,2
3b7302816d,0
526efac142,0
3ad8cc68fe,0
54c83ec733,1
587d8fc9ce,2
a208af31cc,1
0a7d266142,1
ffb28a4a4f,1
9e52cbb90c,0
3115e73a59,2
c0521317ea,2
4125db4e13,2
d82560cd4a,2
a04b0de7b3,0
f8d4396145,1
4c8cba334d,1
a1440ab2a8,0
4b6bb90cbc,2
f51e8fa536,2
684a6f1dab,1
d80a46dada,1
47f06ab37b,1
74214e120a,0
117378e34e,1
03a8786a91,1
3a345db8c9,2
52a07543f2,1
119a8c992a,1
0778f35bd3,2
c72d221521,2
f21b1aafcf,2
11cb6c0f11,2
39efe43a11,0
e761ec7037,2
fb14da3f94,2
b874715ca0,1
293f6e432b,1
49c95ba289,2
5ec6d7cbf5,2
c2d54c1c6f,2
fbbd80ab04,0
a0cd4cae72,0
751f69321d,2
e4d76adf9b,0
73b3d99ff1,0
a5ae8e91fd,0
761afde3c4,2
631fa9991f,0
ed8ab864ab,0
e0170b9447,0
8ced3d2267,1
6ea2fe4c4d,2
8b0fe1216f,2
5a4d4669a9,2
df85bd0c1f,1
b6d8be892a,2
7596426dde,0
9134a56b3c,2
6088846840,0
858099a3d8,2
e57676b0ea,2
13425ac5cd,2
2c0713c4f5,1
9d40dd2178,2
2e90c3156f,1
de49d40254,1
10701cefdf,2
ad18453f79,2
6c69abd549,1
eb8e81f4cc,1
eafc6f232d,0
278aa4f94d,0
98e438da96,0
d6fdb95e90,0
c0dff2d0ec,2
de9f29884b,2
cbb16f5a52,2
f974d5733d,1
ee198def57,1
633d682bc9,0
7b0debed4e,0
3fedcdddb5,0
02b3ce8d37,1
8ad358c7c7,0
6f48462864,2
11d698bb45,2
577c80d2c7,0
99d903bf24,2
3dced3b57b,1
afc010b195,1
58adbf9f88,1
eb8c06fa56,1
b8e7bdb3f6,0
4e7f4d03f5,0
1f710b51cb,2
c12a4264e1,1
eace78152e,1
3b6682f1df,1
b7adc44334,2
1597c7d7b4,2
810135a348,0
0013150720,0
d0cc716e01,2
d73a61c12a,1
e193589c96,1
b1a9e777f7,0
f89eb0381d,1
dad9a23ef2,2
e1a185ab4f,0
576332c963,2
9d884a2b0e,1
93a5fa7bcf,0
096dab07aa,1
5396ff56e3,1
db2a9ad333,2
4a1b4db3c9,2
6e6d3a465f,2
9eb0f82f11,1
cbd8bd8078,0
303a51bf5c,0
7a026996c2,2
12bcccbe2b,0
428276608e,2
49ed2555cb,2
d10cb5ed6b,0
86cb242314,0
5b6681978f,0
224e5b492f,0
29c72d8041,1
1ebb639725,1
82705a57b5,1
9c684c2c7e,2
4e31a2d96f,2
077a42c555,2
2411584b80,1
4f754907b8,1
b5df3d928c,2
66b95c256e,2
90c985854d,0
70da17c2df,0
0cf97d3e34,2
d47b92eb70,2
1962c4f221,2
96f2e3baee,1
f9e59ddae6,2
cdada24753,0
6e82ec4c23,2
29b11d8ab9,2
8cd38b61f7,2
727fa29cda,0
01956fa147,2
7462e1e7bf,1
f2a4181424,2
3e3367a856,1
55a938cf85,2
7723848467,1
49ade1e461,0
bf679d22c8,1
e1540a7dd4,0
1d2702088a,2
4f5d40f484,2
15161292b9,1
910c203108,0
2e01c25e30,0
1dffb2fc52,1
afacbd68ca,0
2a2892f5e8,2
4d4b96eed8,2
ad3ecb5c8b,0
fed7331638,1
68ace2e46d,0
9cda710965,2
7f1046534e,0
e0fe4db1f0,2
c7ccc6a686,2
e067039fc8,2
55777f6801,1
e48481d4fd,0
0a90267a40,1
e700d22009,1
f7bcfd76b9,0
69b0c6d107,0
cd0e6fd44a,1
5db20abb71,1
a14ab0f792,0
7ad10dc1dd,0
9392377824,1
ca17b4a33b,2
e475c1d6f8,0
48694c3ccb,2
e539b035d4,2
328ba13e60,2
256f3a6718,1
e17f67d429,1
d6524b768b,0
dfc21ac23b,0
2a3981ff12,1
4e4ea9b82e,2
a082747945,1
d492381f77,2
e8208c75a3,0
6ab9b713a4,1
4ca5a8a39a,1
a96fc42769,0
5611f11916,1
70565f52ea,1
c725bfaa4e,0
080d9d21e0,0
68aa33fa71,2
c9b8a49ce4,0
f269df3694,2
221a96a346,1
a0565e7615,1
2758bcae24,2
5be86f0019,0
bf26c6d698,1
4b5d36cae9,2
37c80c5be7,0
20af7a372c,0
299f10ac7d,2
a18ea12e30,0
9aab581693,2
1f2c977bd8,2
b806619f3e,0
4054265818,2
a230f0f1c6,2
47296e153c,0
9d448d05c3,2
f69a6de130,1
cb80c4f0a6,1
37beb9abe2,1
7c463463f0,2
0861208a95,1
09b7f1fbde,2
35605ba118,2
1eaadaf9bd,2
89d234f8ad,1
e1cbd5b241,1
999ba0c718,2
fce6c31139,1
fd8b58a022,2
bb771f2d41,0
a71d64c00f,2
b17ae9fc5c,1
e561513de4,2
3a9c568b7f,2
09c13b6157,0
63456608c7,1
b1d6bd4bb9,1
fbf33623fe,1
d76d84419e,1
8d860dd86f,2
69bfb575bb,1
2f64397087,2
f4688d4bc1,0
e09868ec63,0
9ae401ce01,2
6083487f52,1
e9cf1a8939,2
0e5369e049,1
a024a6626f,1
3b0ff437b4,1
a824434e4f,2
279f47105a,1
91406d50de,0
ec93ef4f79,0
796e28030b,2
ccf30b9904,0
b002f3d12e,2
f65e5396cb,2
e473710093,1
66afeca302,0
f0be4b4f50,1
5c0d54ab8e,2
f62ff0cf88,0
2b3d0cf67f,2
800d335701,2
ddfdf2efb1,0
18b82d67d9,1
50cbe61f08,1
9b81a46f1e,2
9fd3491fbd,2
22465dca58,1
420706c6be,1
c0a5ccd10c,1
8e46e6c02b,2
e6f9c35e4b,1
4626e0a382,2
75a0c18396,2
7e251f6eb9,2
e02ace300e,2
e3ce104de8,2
b96761134a,1
c423edb120,1
633d0f486b,0
135e30b8d6,0
4d50de367e,2
8e7f7b901d,0
f88518ea9a,1
24e8d3b843,0
d7a1617505,0
9a30f16964,0
9cdc354e26,1
2f09984548,1
598d3717a0,1
65dd0e4093,2
c4f7fcfa3e,2
a332de5bb5,1
98ead2488a,1
f377cca4a4,1
bdc2083e40,2
10ee36dd64,0
7f88fb2cf6,2
d5a868cc40,1
22878cf0a4,1
908a59e728,0
1f1b74b320,2
bb4b366adf,1
13dc7f3740,0
4116e23eb4,1
d6cafd200a,1
1d159f1e58,2
d6d99a75ad,1
1e393dc084,0
aac62a23d8,1
e69450d07f,0
71f7b10db4,1
4e6cbd1746,1
091fdead63,2
1b5354755b,1
7219affeea,0
fe82693496,1
49d7a94197,2
6633410794,0
085929e4a2,1
cf719a2f63,0
b327867fd3,0
fab1106fe3,2
1fd8a1c1df,1
96ba28e813,1
37c500f27f,1
8051e821c6,0
f756d6cb3b,2
445b4ac052,1
00a556e8a6,2
fb00b51f6f,2
b5da22d02a,1
bc66d78740,2
36543650db,1
1570d65daf,0
950a3c83f5,2
982da79482,1
8435b00c67,2
ab42178445,2
6df27902d9,2
34a10d9bc9,1
e6f760c6ab,0
60c9228a67,0
e2e3eeb90f,0
d74e092fdc,1
c4564ecae4,1
590c09c117,0
29b25ff755,2
eb7dbf2c5d,0
84adea6449,2
341cb70fb0,2
16f9a5eef1,0
b732353690,1
a82a1b4e80,1
4c95fd300c,0
91461c07b8,2
5ddffd14f6,1
b951a87f61,0
4ddab5d492,2
5a2844d633,2
e3597e32db,1
4490fcbfd2,0
30e536c4d2,1
84ab6d7313,2
29c20fcd3c,1
3f12915b3a,2
2b47991f17,0
c1b4a449cd,1
f172c710a4,0
368a54c17a,0
33805cfda2,1
4d2aba7f68,2
6d10976c65,0
6df3d599ab,0
5f477fcdd9,1
61eea30ae4,0
557cc7f901,2
7b31064599,0
28f09c55f6,0
5010e43026,1
2ff034bf47,1
728b5025a2,1
d87cfc242c,1
201cdcbb0f,0
5f03ccc998,2
c0ba046f63,1
2da92bdc24,0
86ade03d7f,1
3a10e5a077,2
3c962c44c6,1
eaf1048067,0
70e65c94ad,0
c804133fc5,2
97903b78f5,0
f99ab3605b,2
1dc88b49b0,2
18d6ba1664,0
bf718f9f87,1
fe67b83b66,0
d6f348fc35,1
66d27bacb0,0
7f11253a55,1
4cb4067a63,1
e5052e3efa,0
83c62102b2,2
5376eeab5f,0
8c13298d0d,2
487254b38f,2
e3407d9498,0
c0b4b505b1,2
e272ba4956,0
d5d85d56a1,0
e826855170,2
074b3a9399,0
5c1bdb04d2,1
73f94240e4,0
b10555165f,1
e762d232b7,1
f5240c73a5,0
8732d335c3,2
35fcf00a3b,2
4a8b7082ab,2
8bb5b913fb,1
fd6851b32c,1
e68dcc9b1c,1
8a1e0f8978,2
f6986d2a1b,2
f2de8e4462,2
6709605c7c,1
d7486fb68b,0
a8bdcbc7e7,2
6a4948377e,2
0137116753,1
49ff2b9d4c,1
d9797852e6,2
3b4aae9c91,0
009541662d,2
40b9f6c142,2
071ba37f56,2
23ead75865,2
b20f43db2e,1
ba9c02c844,1
f025aeca5e,1
25262b8bce,2
98b3e0ee21,0
77a7ac8b66,0
ec074b5911,0
c20ed6ccf4,2
8022f84008,1
e37e26cb51,1
ef84b7a7eb,1
114f328574,0
d6c97a1f3c,2
1049ddbfc8,0
5e97ff2fbc,0
9e6b8814e8,2
0a744588de,0
c28bb9f5ef,0
c923be9ae1,1
1d23a89075,2
5cd32d0d38,1
921ca5f7a0,2
52c0a0a61e,0
9d8b334cb4,1
22154b8268,2
6323223a3b,0
9afbd385e6,0
65100749a5,2
25b4a8ebfe,1
f005d12543,2
f6e2e47ec7,1
709b2fc5a9,1
f2c7535089,2
7b2cf8eec9,2
b34ac54b71,1
ea838bb160,0
1ba8449e34,1
93df1ed297,1
6ab50b56e7,1
3acceaa679,1
02f69071ed,1
6717cdbe0d,0
81d667bc8f,2
c18dd3568d,2
cff65b0194,2
771d1e5564,2
9edab48a3e,0
fe9f75c467,2
bbb46ffecb,1
2e9ac90656,2
684d924927,2
1c330fbabc,1
a2f04e777f,0
61cc63c3b0,2
ebedb95b30,0
3c189cb18d,2
0814c25187,2
18559e771d,0
55089d8950,2
8c48e9cda9,0
c81dbcfb5c,2
d65c26b850,2
c3bb9b5bc9,0
b62757c954,2
96a192e5a6,0
30983edaf3,2
ad30d84917,0
34054e0519,2
e429b853f0,0
9689ad1d72,0
9b78bf3058,0
47b95fe0fa,2
a9b7c950e1,1
ecca0f86d7,1
15407c8d73,0
09dc2920d6,1
8799d86112,0
3f554ce397,0
c2f75ae0e9,2
25e5c7b4ba,2
a8d3f80fed,1
f9fb6bb4a3,0
a18fba89e9,1
b1c4c554d9,2
d7e62b1442,2
2464ee4b12,1
bc8255ad9d,0
ccfadfa095,1
d8ccb62849,1
1790479dfe,1
dad1a46ed1,0
9b9b72ab99,2
f25e6fbcd6,1
d05ba84589,1
27f4161d24,2
95e7b76901,0
0c5aa728b0,1
9333faa358,1
65a25624d4,1
d8d1d8091d,1
5112090020,1
0053d0ca97,1
5f40d6d847,0
f0b5445c2c,2
b929c4c7a7,0
68fc46e322,0
c8e25a620b,1
f2d1636cfb,2
8af28cb419,1
ecab388ea4,2
8ae74f6612,2
697e5501c4,1
c9ee15351f,2
8840fe817b,1
4b50b4143a,1
e80c2731b2,1
c8d96917b8,0
81ad44674d,0
db21fb2e49,1
985911212f,1
69760ea333,0
a0e92b27ce,0
ff566c5ee6,0
254cbc2855,2
025e81cfc7,1
08cc49e407,1
cc9726c91d,2
1058657927,2
1126218e49,0
1035a1a4b8,0
e95c580d28,1
9ac29adb35,1
16b4f6c8a6,1
539dd0f30e,2
ae2813d8ae,1
675cc329e6,0
abb798f84f,2
cd660f6ab5,2
ba65c244cf,0
28b5a77269,0
7d357d529b,0
34629fd216,2
9ae784ec3a,1
5c8782b67e,1
cebe354eff,1
e609f65ffa,1
afa38e24d7,0
0f3a5fe0c5,1
f09e606d97,1
c68040f4b6,1
f174067da8,2
8dbdb111bb,2
e3598abb15,2
c9fffd562b,0
b3b8c990b5,0
c8ae152968,1
00a661bf71,1
4cf51bfcc6,1
86ea38e588,0
1d0e54b59f,0
9c4fdae070,2
e182a80baf,2
c7cba9f41d,2
6d009312e7,2
ce5a64d20d,2
323ebf05c2,0
39e18c047d,2
371041d74e,1
f148ffad7f,0
8e8658a7da,1
977536bedc,2
bebe60a628,2
359ceec339,2
588ff666b2,2
125e259351,0
31213f6420,1
f351b475b3,1
350515f89b,2
dea33671d7,2
759838b641,0
419951c822,2
9a5bf8d5ce,1
419c4d813f,1
00d70b33b2,1
c225aa2545,1
6dde657f19,0
ab843c197e,2
7c30ed9ca6,2
cd4235f18b,0
107bbc5c2e,0
6dcfd5c2c9,0
8a4b9bfca0,0
528b10047e,0
8c3e230622,1
7852f8d9fc,0
b069a5ac66,0
9ef7a79e17,2
0a0831e8f4,2
290b02a3db,2
2c3af12d6e,0
289c889e9a,2
4b8e7e9e0f,1
78e9b6e0ac,0
4ccf61b333,1
7738cc767b,0
72ea71c325,1
85bbd7d1b1,0
63d52d3ab7,0
a8196f9018,0
d63be717ca,1
7a61d46a4b,1
ecbc0f458c,2
9059a00c4b,0
608ed9c549,0
40294a72be,0
66413466ac,0
662d308d29,1
a2da43dbac,2
7b2bc619c7,0
37eff96af1,2
fddc8551d9,2
a60386db7b,0
5f9a6b24db,0
a2d112a6f1,1
266c3209bb,1
ab29889867,1
7b62cbb97e,1
2cda8abd3e,2
6a6904c0c6,1
48cadce718,1
91b192233b,2
e6d15e80e8,0
de27b6be86,2
f18538491d,1
5251574689,2
ba456201b5,2
1e8a85ecf9,2
a4a5087d23,0
d66cd15b1b,2
0f7ad81b4e,1
3213ff2240,2
013985fdf5,2
eaabe9795f,0
fcf3ecdf50,0
fa07f47485,0
b72f884498,2
6d49314f33,1
3fac40463d,1
3bd19cd443,2
4792c0bdba,2
4213c0ff26,2
f33a28e691,0
743b4cd69b,0
12f4a320b4,0
21e1d2438c,2
90a3b45f7c,1
e7a6266bab,0
eaa3a6d24e,1
b1514e3038,1
f1383ca598,0
2c85dcbc22,2
f880800121,2
7802e6680c,1
d2b88aad07,0
fb55e07fb3,0
9e022805c1,0
ed70c19a5a,1
483fef0184,2
e8fc19b3e7,1
75aef1fd51,1
91869e6141,2
ff0b2cd4eb,2
815f6a3c47,2
c6a9d4b1b4,0
ae5a19022d,1
8db05cff92,2
bee3fe4da4,2
ae1ed6ab99,0
811a39a572,1
5e603e449f,0
08739ad118,2
3774d1b3ee,0
3c57b8e75c,1
e8c65d4b87,2
1f09a98ff2,0
6fb6e7abb3,0
a5b2951917,2
b7c03168d2,1
e84a08f133,1
b0180b97e3,1
45d2f56b77,2
1e47b84b32,2
b4ad69c3b8,0
217294e5b7,0
beb0c91db1,0
1267b1a21e,2
58d5bc2114,1
aab5389e9e,2
668295ddd4,2
5dccf7f3cd,1
9dce92f5c9,1
83fd0f4593,0
2ea6e49a6b,1
d6c7c35099,0
c1d77f40ed,2
63f8751ef4,0
e86b2527bd,2
6587a96aee,1
dcfb79b954,1
0e9a7c772a,1
fe0deec159,1
ac999715f9,2
031435d582,1
859b296573,2
8fb7fe61f3,0
1259edf6bd,2
46cddb475b,1
291b1821a8,1
15279419b8,2
70c6bb0d6d,2
6a1fc24885,1
aec7bdb325,0
49952ada9e,0
a0fe788b0b,0
bd03b499a9,2
e6fcbb0349,1
6a56a81882,0
050e5f849c,0
9e6360eb0b,2
cfd8912f6b,2
dccc7a1cb7,1
e8dfc3eb0b,0
55648a86e5,1
ac52a2c813,0
fb6315bb70,1
85d06533fd,1
2c6a046f2e,0
910046473e,2
f79907a176,1
8cb01b10f8,2
d4674f3ab8,0
ecffec0e98,1
e253d94856,1
3dca047430,1
8c5585b50a,2
5b6a212210,0
dd546ab5d6,0
fe0ba2969a,0
3343cfc3d7,0
b1aadd6055,1
b39c95bb45,1
ab03346af1,2
92c9e37e37,0
c44be67e4a,2
5b5e227c1c,0
7b4141fca5,0
d939b5560a,0
b6e4e862f6,2
827726534f,1
41fdb55651,2
5938e3aaf6,0
eb0a106141,0
279ecae9c5,1
bc1a9e0ed4,2
ddb982fe50,1
4c2e0a36a9,0
deecc1a6ad,1
9aaa4b82d1,2
509cc1fcf5,1
070dee7de4,0
a955e86317,0
459815248c,1
867124e4a4,2
f19e27e9a1,0
c09b680bb9,2
aa7abb809b,0
aaf94d178b,0
3a8221db17,2
3f0cd49700,2
c09bb405a5,0
33c5214585,0
b7ae7ccd8a,1
f764d08138,0
d62b15019c,1
42d32157c9,2
c5b2281191,1
54828e66d0,2
f35e3dca9c,1
2b32416d47,0
49c2880ad0,2
5cf8f1c8b5,2
66295cdd83,0
96721243a9,0
3a2acaf6ad,1
47f040c49c,2
c58dbfe3cc,1
63c7777786,1
993d94218e,2
015e025207,0
f281eb0a46,2
39179693dd,2
f24f8328a0,2
e433456cfb,1
067aced6b6,2
1fa39c8d11,1
61c419266a,2
4fda6b0b3f,1
56ef5c8780,2
7d560f0a3b,0
57c9108a0f,0
dfc9484f6f,0
fd3754e256,0
21dfd38aef,2
648ed66874,2
786f1a7cb8,2
92c685de7b,1
55c80c23f8,2
8229cace69,2
8d56fe261f,2
790b8ce741,2
b23860d15e,1
ad21f212e5,2
42aaa6c380,1
611621c2c7,2
c49ef48096,1
93b386b350,1
661ac10613,0
d3e470c256,0
a278b03848,1
11f23241fc,0
dfab4ef10d,0
0ae81dc48b,2
5d32fa2a35,2
7a482b3792,1
64eac8af8d,2
24f7310cfb,0
2dae39b01b,0
582380f17d,2
c0f7f3a386,2
d7e19e199e,0
b021dd8b5d,2
80e440c256,1
d71db41f52,2
ab643a5acb,0
c74d0cf4cc,2
052ae7fbd1,1
eaa136dd52,0
7471b45a60,1
2779470497,0
88c17ecf14,1
38c10c9248,0
507c02f2b2,0
fa5cec1e2b,1
7815f1891b,1
b1333a756a,1
098a95ddd2,2
9d5aee9fcc,2
9cf9d13f4c,2
b2f1858948,0
0e6dfcf2c0,1
54fc264668,1
fcbfed7cbf,1
1d6f493692,0
ed2f8a8b6c,0
f45284bb6d,0
e44c7537a6,2
967436b594,1
c74620713b,2
3417530c94,0
6895fc1f55,1
cdae87e255,1
a6bf64ff74,1
9898b6a20e,2
a8b31f4b65,2
bc499ddadb,1
b7f83f2a7a,2
1336fb4fe3,1
de3f34c291,2
7b51764004,2
48dd422676,0
dad230d07c,2
b87fc69d29,2
b4b5753189,0
af646244cf,2
0eae256cf2,0
4bcb384bed,2
c981d41a93,2
539791106b,2
4f4e072d69,1
c981fd95d1,2
a3b1972c1b,0
4a4daa5969,2
af49803fed,0
6e468534bb,2
34d7f68787,0
224b2db929,2
2ffc434b3b,0
e4bc4064d7,2
c2c06c4354,0
46d5e6ce73,2
2f3e4355b8,2
d12536eca8,2
e7964cd2a4,2
d4e215e056,0
2cf223761b,0
f91801d283,2
a47332b258,0
2f5dd9914f,1
79ec5e934f,0
cc364b018b,0
87c26028c7,0
1efa7eae79,2
c5e2e445fb,1
dc3a8d2968,2
088784d38d,1
a2ade1bbc3,1
845480aeec,2
35e35fae9c,0
17f783e522,0
610df76318,0
77d297bf3a,2
e77fe19bb5,0
9107a6680f,1
9e185f38ca,0
7682e7f25d,0
adf5d32394,2
3f4cc356a0,0
7fff7ee48d,2
0a94380a7b,0
3bdb14645b,2
bad364df43,2
dfa3888b42,2
cc48a72249,1
244c7c1734,2
b4b8e9cd21,0
4532ec07c8,0
d6db994a03,0
81f8bd703e,2
aaf1d40104,2
c22524d4f5,2
49955ecff0,0
a0c24cdac7,2
835f51cf4f,1
84df2bb4e8,2
ca4b529c1d,1
94ac2a1ff7,2
8ad0ba6b2a,2
e696b21c5a,2
3ac47e688c,0
6630688dba,1
0209b56e49,0
94a5d129ec,2
f0cdeea967,0
89ba790f40,0
01e2007d47,1
4b5da2a68a,0
1b12b3898f,0
c2babbf1f9,2
58d65fe7d4,1
cd9d3403f0,0
b82970b513,1
096152b113,2
5b5e2ae121,2
c177b00ce6,0
9e813faaf0,2
3f82cc8f04,2
ffb12187ea,2
87814b0f51,0
f95dba85e9,0
93eb41692b,0
07c7724341,2
1e86c38999,1
a36baddf43,2
72f6e244da,0
be7af4e8ea,0
6477e45d2e,1
32df4893b5,1
46d9a3bbda,2
83d3acb204,2
f15546c965,2
4c638d4ba7,2
525d29b4ad,1
9337d03355,1
10870d132e,2
ea2f7e7ed2,0
9ccc16e1e0,2
ed3a3aad47,0
3540adf79d,1
207a144e1e,0
dcacb3e8c6,2
1fd594855b,0
f8b461b0dc,0
d79745e7cb,0
e670ea3ce3,1
810c4e8c9e,0
1f87229859,1
43be1a3345,2
6a744d3977,0
8c3cbc7cb2,2
ae956a5456,1
899e7288e4,2
5143da732a,0
99c8f76ad0,0
6d8a9c25dc,0
a794d22318,2
e1650a2489,1
0133fd91c8,1
0849f77e23,1
16d30e2ef1,1
8c9358c4ae,0
b2629e98bb,0
c1ca56a25f,0
a121038504,0
d6f03cddb4,1
81bacd4d3d,0
0fa6031235,0
8df7f7f2f2,1
56b3aa42b4,1
6630b2d893,1
3bd2f2f7b8,0
7f9c9d957c,0
f6b30d1ab6,2
194e27a2c7,2
5048d425a6,2
76b3a8e246,0
9f81e17da2,2
6b9f4d0ccd,0
6cbb4be3ed,0
e474ca934b,1
93bc18ad88,2
c623a227db,0
dd9a4f82f5,0
c573d6534e,2
4564a225ce,1
0bbc0237fb,1
46540fb4a3,0
f3b29695ef,1
f0885ca11a,0
6501bec36c,1
cb899f942e,1
7e25d16546,2
e2226c488a,0
649cdcf23a,0
fa763c3d8a,2
d5ced9a530,1
85643dcbc8,1
757cfe8cb9,1
0a4c23502c,0
05a1108337,1
14ba9768e5,0
3c8934e346,0
c2df14413a,1
069f67e2e5,2
35d55e3de2,2
230e0ad518,2
194c7606ff,0
7c7cb27c03,0
6b46b43766,2
b476ac3318,0
1ba4e614d6,0
f9a3a65291,2
7ddd6cdfc8,2
e5245f0192,2
b6b104e0c0,0
fcee68e03f,2
a3439a3378,2
fdadbd2105,0
244e50f4a2,1
2a94296111,1
876a68e36d,0
4075c53cae,2
cea6bda7fa,0
7ede309f01,2
2b79c0334e,1
ae9ce56a06,2
3ff00ed5e1,2
77a49d3eeb,1
f815980337,0
db50766832,0
da41b32a79,1
74e1c86782,2
419e930c90,2
12cee1075e,2
bb20d5e8a0,2
874fdfe995,2
6473f09be0,1
bc8bbd8d0c,2
8461f38561,1
8a56a7a26c,0
d0cc5ab107,1
a535972611,1
69bd88ef5c,0
311f9c5d39,0
3453f8a623,1
317eda0a13,0
02d48aa71a,2
60fcc058ab,2
6bdb466e3f,2
fd6e9d8545,1
38ad99fe1a,0
742e433479,1
e7280a57cc,0
6d8f41ea60,1
2e89856341,1
0460e1e929,1
e1913d888a,1
d0be6f14ca,0
742d11d994,1
ba11686435,2
5c35fab6bc,1
d2bc6646e2,1
ab4abe46ab,2
3aaee7866a,0
c52ea5bbde,1
460dd5b32b,0
8ea21a90f9,1
2c461fd1b4,2
3db4cd209c,2
18ba7884fc,1
c90e3414a2,0
5a4b2af816,0
504766fc6a,2
7efd0b5d5a,0
5e2193d71a,2
7891a7b52f,0
ce2297c705,2
64f3dcdefb,0
491ce72615,2
4ae19a18a3,2
246ddca733,1
e042699e14,1
5e6423c655,0
658e5d40c3,0
50a3737085,2
de296fb273,2
245a06c2d3,1
e8ed2c621a,2
20e0a1b35b,0
f1421ff431,1
e95f307b29,1
fd9c4b371b,1
81fda885b9,1
fb40eb4fb5,2
92a03af58a,2
33ab3bd7d9,2
0a807e6f7f,0
d15fa0d458,0
d5f30f9489,2
4f1f1fbb6f,2
451f7f01c9,2
230332bb87,2
083c7c379f,1
beb4503be2,0
75ffb46b43,0
e84066e1e2,1
d3e46b88e4,2
fe46102d90,1
9bbb3110d3,1
418c7a5604,2
88457c7242,0
4239c4835d,0
2f3f8cd8cd,2
57b0555613,2
f056172e67,2
6dd7148bd2,0
14139f1c9b,1
3b93161749,1
32af4e3de4,2
3b0f91c76e,1
41fe9fb1ec,2
0707e233be,1
d5e605044e,1
5a0a333c72,1
0001718fc3,2
1828d9efdf,2
9d2a45e2b3,2
3b98936d7a,0
1449ad4f82,0
50acbcba92,2
d9421e0bd6,1
f74d042da5,0
fc2cf71126,2
155f713bfb,2
34f29bc5bc,2
48994b0132,1
c1a79a83b2,0
4e69b3e698,0
7f836a2e77,2
1338648f15,2
8a35913176,0
82359a10ac,1
d4229f6c49,0
433afd8ddd,1
cff162cbec,2
b209e87313,2
5e6f925734,2
ed54d0252e,2
58175a916a,1
7f70c19f9e,1
b5e7ded9a6,2
e3f87b9d75,1
54a855ccab,2
c84d4da39b,1
daf0e7c309,1
58591b4d6e,0
c9e2bb5327,1
8902606f0a,2
9522bf306e,1
93c474d34e,2
cb2a31bc88,0
e607259fb0,1
5a9d607889,1
a3156bea41,2
846566e170,0
ffe66dbcc7,1
ec81cac249,0
dbad90f8d8,2
f86127275e,1
86140d1ac6,1
0b5cf4d3f9,1
ff57e2fa3a,1
b9b7a309ca,1
16bf445765,2
8ba38ebb65,1
d6c92d9bec,2
3d6fac7e2d,2
8164e7947b,2
95b8719d9d,1
47575243bc,0
c8614a2cf7,1
779019ad0e,0
7666ae7eb5,0
7b57b36051,2
74df7c8912,1
f8ca634ba7,1
3fa01061e2,1
e8a4374fbc,1
4b34fb6371,2
4fca0b9d55,2
2b1c78a63d,1
b2a27cc22c,2
3d0e1d9c3e,2
9ad5d81cb5,1
40430167c6,1
d57b8b724b,0
237157b7e1,0
4b23bd81a1,2
3b23fe1e95,0
4cdae3ef95,0
aa64e05184,2
ab569e9e7d,2
cdb380b585,1
50fd16b9f3,0
f2e70ead5a,2
42999b6386,2
38506abab4,2
995492c948,1
753c1ba23d,1
0491dd2600,0
01773b35da,2
efd820ce99,2
329c04f4ec,0
b15f5bdaf0,0
3f2489c655,1
b133257d36,2
111a9f4e18,2
2e6ca18d94,0
4da9d62bc8,2
f81904f891,0
ce7c6448a8,2
1c0e4618a8,2
ce51c7404d,0
63ed9b0b56,2
668678adc2,2
49e3a934b3,0
3f8b646f48,0
a0fd91297e,1
0b23187639,0
700498c981,1
fbb6bcc5d2,2
8a22765343,2
1643c4982f,2
d8d3c3dd15,1
c9fb6dcc8d,0
6acbd39329,0
7e5594c9b1,1
2db0c11fee,2
3a543c89f5,1
3cfa1782ee,2
bfe8db449f,0
cdf2a45183,2
44d7297fbe,2
dcfc8cca9e,1
47826bf6e7,1
adb35f57c8,0
ba61c4cc1b,2
831ae19ae3,2
b274333bd3,0
35388c61df,2
2ae726847c,0
5ad8cec83c,0
d68118690e,0
3dcd5bff87,2
08224308a0,1
71877742dd,2
0367616b60,1
53ea69dfc0,1
aa3890819c,2
2b9f979000,1
c81a62b2d4,1
91026c6eb6,0
e4490e18ea,1
1091459e6d,0
884dd1544c,2
652b76ed9c,2
eebec7f916,0
c0d2c34471,1
06b20170a9,2
ccfe0be687,1
6afde96109,2
522263544f,1
6bc32be6bf,1
3913c30edf,0
49c03a1f22,0
1d30d6eaef,2
70eb6471d5,2
c1ccceee9c,1
2f7f52da9b,2
1e4402f622,0
85a38b7dc5,2
29fbc8e405,1
4bb1c7d1fe,0
e7857bf8d7,0
8e5dddd3ad,2
dd28d51b9e,2
cf3c265344,2
8d79649dea,1
1db4332ae4,2
2447ec7097,2
46dce6993b,0
0c8ba1cef3,1
07e816aa6c,1
15fd7d9a50,2
4ce7b06684,0
baabe27e40,2
8e661b1574,1
876b944457,0
2eaeb09d11,0
9f9ee108fe,2
9553c6c9c8,0
c00481867c,0
a43f9dfe94,1
03ccd491e1,1
a4f74215af,0
ce2178d73f,2
2bc1083d21,1
bc1220066c,1
fe5b124a1e,0
ab7917cd16,2
22cb4d573c,1
3a86c8d070,1
b0efc064b9,2
36c15b1d1b,0
24244c171f,0
d6ba782804,2
ad74c2e80c,2
7e7c91bdbd,2
1902a6aa34,2
2dffbf7713,2
be794e6d81,1
60de3bbf5c,0
c79cdc4db6,0
001e3335be,2
0b5367c57e,2
73a847b1a0,1
6070c96b27,2
b1f0c50745,0
f149880019,0
10776ff1ac,2
4dcd82e6e9,1
6ce64b1e87,2
bfd7a340a8,2
4363c3649b,0
e3eee77359,2
b81f8ca296,1
154bf9ad1f,2
e0a93cdf08,0
d94ed30f46,0
52634347d0,1
8b6609f222,1
c0b62933ac,2
6bde95c929,1
47aa927cee,1
7b3f932963,0
1cd3e87165,0
c1ce98ba31,1
3018cf3080,0
ed7531fd57,1
8e470538a9,1
e6291b6241,0
b3600e1155,0
b87730dc23,1
75e6fda742,0
09597f1d0d,1
1b9cbbb971,2
1cabca5b56,2
76d567325c,1
dadb1c8e17,1
4d6557d0f3,1
24f1b736b2,2
5dd09997a5,0
f58d061d0b,1
086f3a1bf6,1
dd085ea72f,0
5fdacd989d,2
b8bd2a188e,1
2152ce2537,0
95476ca53d,2
89ea784aa9,0
35c4cf20f3,0
1eeedf10db,1
77ce5b0f99,2
a4fe0f2516,2
c4733bf9ef,2
10c8468f34,0
1b775440c3,0
3f3a70be56,1
bfc86587c2,0
c8c5bef825,1
a96ea898cf,1
bef949e516,0
6814f50d89,0
11436afd9e,1
088fea8fe3,0
9f45f4933b,2
c8704fb942,1
d51b197fd5,1
781e1dd48f,2
dcda3cb1f2,0
7d98bb322e,2
1c57c4c7d4,0
5b759a6369,2
eba30c2149,1
710b24f23e,0
6c12c1e558,2
611500af8d,2
c85d95825b,2
6860f76ffb,2
7dbf05ff14,1
2596abd986,2
f260247ac7,0
ceaf182d4c,2
2b3ee0415e,2
713c4f3be0,0
ea184b77de,0
28735abf63,0
7828798ee7,1
a84daaa051,1
aa5d30ec20,0
6c85f5aca5,0
3561aaf11f,0
40c0374c24,2
0fc24d8b28,1
6fe24c1e9a,0
0c8155eb8d,1
8234330cb8,1
a1c12887f1,0
9812eb1527,0
951ae988af,1
111787181b,1
0f543bc671,1
c2819304e7,0
c8c43a416b,1
c87369be18,2
7020a9ce55,1
4ad2993dd3,1
a2f120903b,0
2b5445a8d9,0
20360e5728,0
372b0c053a,0
a825fd3755,1
5022174343,2
97865ddd8e,1
0dfaafa5d8,1
b27077a872,2
24e02a353f,2
d04b216d6d,0
43ce79314b,0
56d680cecb,2
c9d4dc43a6,0
2787b273f3,0
189b912322,0
90765cefa9,0
0d5200e7f9,0
9746bab156,2
3f1bbacca7,2
d08bf9fea6,0
e8fff73391,1
b89d8a8fb9,1
61a9f66651,1
f68410c8ee,2
50f513b7d7,0
bf8d9a3d67,1
0502d741a2,2
d6834b91ad,0
02aa81d82b,2
f6cbbfdb88,0
c0a019cf42,2
02ef979ca8,1
ec0a425bf3,2
cbc32567a2,1
823597c21d,0
67fb6cd4a3,2
6d75f617ff,2
12010b3338,0
1327babbb0,1
a59eb45d4f,0
318f38165e,2
79cdd329c6,0
75166120e6,2
5dd0ca146e,1
9f1a2cdd34,0
dec033fe8f,2
ad7a033e8d,2
088c6ecac1,2
04bd33f36b,1
656b60a2ec,2
e90d966f3c,2
59dcdf3d8a,1
f2bda11084,1
0273a7453d,0
6a08757940,0
89fd52b49b,1
045b708d2b,1
72154ab537,2
a413cbba43,0
bc17669d5c,0
40113ecc08,2
47ca4e1046,1
4cd8c1f9ba,2
190f0c5c2f,0
b3ba8fc1b1,2
4d73c1252f,0
b1a89da63c,0
be6a089384,0
93a1b6bbfb,1
2489a8ea9e,1
2fbf66fe84,1
11f7d16a10,1
79d067a6ac,0
f7a821c561,2
20bc3c271c,2
62ab8c7484,1
46bf572009,1
fb1b31883c,0
ba1478e63f,1
e9ecb20c7c,1
68ca4aa704,1
93b0b7ed18,2
5d69ea07c6,0
e1acc3e53d,2
28dd562acd,2
ca07780084,1
38951ca8a4,2
de98cef58b,2
9bf72b96b4,2
8ebe22c030,1
a8d5a978a7,0
794f48ffd2,2
3e78aa7a88,1
5df4825b03,1
f627527b87,1
59c2171b8a,0
6a96496ffa,2
c0f094f47d,2
db0ccd872d,0
10e82e41d4,2
8bc34ff0b7,0
964482cf29,2
9d893ed846,1
709db4f2e2,0
9e03b2035d,1
43e67c7fc8,1
af8855932a,2
e38da917fa,2
a9d3de4212,1
4b185b6af1,2
506168f3e2,0
d8f4d975ba,2
133b52cf85,0
b24d43e12e,0
b44a6adb9c,1
3ced92186a,1
83e24616f7,2
c00e41fb9f,2
345db26351,1
5acc6a531b,1
3e740566dd,2
d0ab866de6,2
2f6e2fe99c,2
b177c7b239,2
40b725f5e0,2
9f963b38f4,0
e32e40565c,1
85c5c47087,1
293f549ae7,0
007ec408cc,0
a130d92915,2
f56b2dc58c,0
d8e786c955,0
d32358d049,1
c5d4a3946d,1
5b9dec91e4,2
7d6e44fa5a,0
6efef21300,2
428c374cc0,0
446119eb58,2
55f650564c,0
13884b99d5,0
ae42ce8b40,2
73af58ad9b,2
bec2299a93,1
96ad4e2754,1
358ad493f2,1
a258174a61,0
0006c49adb,1
b691813f06,0
9fd2e3c30b,1
479fc0e9e9,1
406f14add2,2
5b3386f5d7,2
0a8b114937,0
b63066e130,0
dd5dbb5ecb,1
f2a33ed61a,2
cc4d313261,2
0e38a986fa,1
dff35cbfb9,0
eee9ef09b2,0
59cd7e2072,1
cabd643cb5,1
a345f13729,2
e03e99484d,0
a2c7c2dac0,1
fa76d2cb1c,0
a4540e294c,0
e8486a1816,2
cdb9e63e1e,2
9892ef32ea,2
267ec22f32,0
548ace001f,1
35bff2ebc0,1
7a1aea7b18,1
5cf2b7e72d,1
2c62352868,1
91208de2c3,2
860840e7ab,0
3d9f6bbdab,2
234c556dd1,0
5003c53480,0
5109dd2b34,0
9faff69fb1,0
28fe336c74,1
b305f0ac22,1
237dbc9f71,0
0d70157778,1
f74b64bbae,1
331693d9fd,0
3b0dfe8598,2
255726da56,2
8eb3df0140,1
9ae4b79b30,1
d309dae4d5,2
2c6c205c43,1
62a143e524,2
12c32a3036,1
e7316280ee,2
dd37b2f17c,2
02046da1cc,2
ff4f6b6246,0
e9e3b54cf5,0
35f8ea18b5,2
b915544ac9,1
b175e691d0,1
433d7fff00,0
7eec800c4e,1
c74b440aa4,2
9c4aada449,1
32cf178dcd,2
554797fbb0,2
0af7db9467,0
f464052794,2
206db0e110,2
1f1f5daa15,1
1d23111e05,0
def359f5a4,1
9f9e8d115e,1
54f12a2a5b,1
4b74a8db13,1
2e957158e6,0
c548478675,2
69979cd625,2
3bbee73f22,2
44ba5e3c5f,1
09bc53b3a2,2
485241e47b,1
768e92e526,2
b732314970,1
04c6c01f87,0
906e85fcd3,1
3d4bc76079,0
4cc9f714da,0
606251bab8,2
e79501ad57,2
8e8f49dd59,1
d4a5a012cd,1
36261a57bd,1
e98dc8b9d1,0
82c117dbcc,0
3121df29d6,2
2c5a69302c,0
531ba60386,1
c903b12821,1
9e99bf2bab,0
e261d54010,0
314d0f94e8,1
2977ab679c,1
8dbc556208,2
8c4823168e,0
8259357282,2
c1c8af6b32,1
c2ff62f8f0,2
fbe224c239,0
1b8e5ce514,2
94f47c306f,0
948a686134,2
ede4e2bbcf,2
8e4b7ece8c,1
5d564be56d,1
4d98b56f2d,0
d22790d02e,0
f99eeea8bf,2
e8bc035dc7,0
73cb12e564,0
65de6974d7,1
d8804b774d,2
b57585c6c5,0
eab70d9635,2
58998d2d2c,0
0246551d9c,1
c55077049e,0
795fb70a3b,0
bbfab3584e,1
281e567639,1
d441e5fada,2
8aee0fde52,0
a48a16f5a8,2
1f2e1fa6ed,2
1b69bd80b1,1
402caf2c77,0
e3d09a1ff5,2
6d30b31399,2
a8159ef5b6,2
5643170cc6,0
a1f31804b9,1
a5844edd1e,0
1b45b1b6cf,2
ae78ace23e,0
3e59829b6e,1
649abeab37,1
1cc49f8bd7,0
573cfdd46f,1
b3bf0c4566,0
58e40f653a,0
ea7875e8a6,1
1e130670a2,1
b6d9435ee4,0
86a07a41d8,2
ea3b6f24d9,0
b505f34457,1
80f13c7ff9,1
e40780efe1,0
99c764d455,0
78b2ae2728,0
c882fc3f6e,1
4dd481dcc5,2
5ed16b6f7f,2
d88a776baa,2
4b0949cec5,1
28e4dfb30c,2
5f2ec30200,0
5affcd666a,2
39dec1dc7c,0
e39c7e78ff,2
5608a51e54,1
8a327ad3a8,0
26b271e10b,2
03e6c12bd1,2
d9ff64b6ea,0
082bec9d01,2
109def9a59,1
bab3f8e801,1
7443b28261,0
d05d4aa3b4,2
87a775c3eb,1
39baf804a5,1
88e9c84c6f,1
526b97e3a7,1
566d7a2078,2
55bc9b4cf9,1
cabf03b349,0
c7990d64e9,2
b268f6a664,2
b7de059c09,2
51481c6217,0
1f41375297,0
b17a75ab70,1
f13837dd08,2
907ee9427e,2
83e5c41f3f,0
041e83d123,2
7b4def0815,0
b96ecd0786,0
131fc06111,1
79420155bc,2
7ed2ae3834,2
02de71993c,2
ba440cacf0,0
e737b20217,0
ac7b5a6484,2
760a077e6c,0
c737f4148a,1
55b8d332b8,1
b30e91e7d7,1
7bd5a61ab8,2
6593fcfbff,2
12fe89ea59,2
b0e950b925,0
797b9f7e0c,1
fc914a4daa,1
fb3a5248a6,0
67d7801dd3,1
d99102896e,0
466ab2432d,0
95603299ca,0
6d1d4b2a4b,2
d84e1214f1,1
ab0c289ac6,0
6e63089b84,2
7e4a7e9883,1
4276238b2e,1
18004c31fa,0
08e65df0b6,2
ef70bb9ce0,1
6579eaff5c,1
f01441ffb4,2
778b13e6a1,2
deeaa518d2,1
a9705aa4ee,0
d02daeaaa0,0
727aaca5a4,2
0eb23ff2d7,1
0a9b3e0c4b,1
f6ee3f960a,2
3b6daa7c70,2
2e8686a479,1
b83e1d52fe,2
4101bbdcb1,1
f1953950c0,2
f33f0f74d1,2
a51e8be730,0
2e3b73c709,0
6c7d4bc47c,2
b44d104d97,2
cdd4e14a6d,1
b099670f43,1
3759c152a6,2
ffb4feb8c6,0
e6ec48db29,0
287c74d7c6,0
b54ec72d38,1
e2a11b84e5,1
aeb7162844,0
bdae49f5c7,0
a7f8aec5c1,1
6bfd138f96,0
787fd0f11c,1
9eb2f2cdeb,0
13cab9a4bb,1
177b42f735,2
a199edb8cd,2
8a74b7f478,2
64e99f4c02,0
28b02e3d14,1
3e59da180b,1
773eabb702,2
f0d28d26a3,0
f55a4609f6,1
35ea2f24aa,1
7d0343d658,0
30a3ef8e45,2
b917bc9859,1
2c18662ca4,1
638eb048d1,0
9db553c2f9,1
7d88107353,1
c9fe2b182c,2
b30b98130a,1
d5ad8e979d,2
b73f81d2b2,0
7e5e8debfb,0
3d1e42f994,1
181c533419,1
3e89009ccd,0
87b0323b7a,0
775e56f6ab,1
b6c83a9daf,1
8dbf834e8d,2
7ceb04d31c,0
fe32596569,2
b2e00b319b,2
6ff74185f1,0
d4f3ad53b4,2
1552d356d2,2
eee584a1d5,2
cbda8a94ed,2
a96112cbaa,2
d8023a93c1,1
6486a1c170,2
8c3f2e343b,0
5e13865f5a,2
9f6cec0127,2
7b1fe130f0,0
9a03875eb3,1
29e21b0345,1
5730c3e115,0
0460516571,2
1e98b3410d,2
f8a38d0d49,0
813236ba6c,2
00f23199de,2
dfbbb46a3f,1
d4d00085ca,0
3c5b8fdaec,1
c9eadefe3b,0
779b038e3c,1
463edebcc5,0
a2c894c136,0
7fe0361a82,2
fafce89a4f,1
bd78b44ad5,1
fea74c8f1f,0
1741c02509,1
d36c7a1819,0
8a09f1ce88,0
aa5f97a08a,1
886bab32f7,2
c9ca0123aa,0
a13e70803a,1
4407a30a5f,2
aae7c19be8,1
de0bc88360,2
208e1e53fb,0
26260638a0,2
56c2cc5aeb,0
319358e3de,0
dbdd867f18,1
c5d1acc66a,2
a7bf4c3f07,1
62af966599,1
fc02189331,1
1f68267290,1
be9ae22336,2
96096f8060,2
0a9d4069f1,2
c5974ff704,2
a3ca9ca2a1,2
4f721d4af1,1
d9cfa870c4,0
7b9a524efa,1
25cc420d14,0
5a2c8ac62e,0
7f5add5636,1
5d506b3022,1
000d2358df,1
042ae7706a,0
cd190718e1,2
33121fcfd2,1
8d9b7a6a7c,0
eb8073d25d,2
5a55daa704,2
b24a2f11b2,1
f79a4bfd35,0
4010405695,2
98adde535a,0
1ed3b5decb,1
94acfd3acf,1
835194ea0a,2
be4775d0fe,2
de02137c0a,2
2dda35f564,2
546349a850,0
4f9b5ce989,0
35dfa1e0c6,0
31efd173b5,1
9042cd32e4,2
19a7fc7348,2
3dd8b37c3f,1
1357e7090f,1
d97374f3fc,2
279230949d,0
4160049a94,2
81d6538cab,0
04d78da41d,2
478315d1c3,1
fcd8979172,1
81d6e1733d,1
95e27f021a,1
2c9b4e8786,2
60a9f333c9,1
9430333b7b,2
a7cae48c16,1
2f9607f25b,0
2e908837dd,0
a9604eb0d3,2
d25f6fff9d,0
4e0e5822e6,1
467dc8244e,1
e79a070339,0
2407258db7,1
c852c412e4,0
1e2e046bf6,2
7ed3b520c3,0
a4c559781c,1
6e50b24c21,2
3f02a13ad6,2
135635af1e,2
1a4a3bb7ce,1
a877423f31,1
3364826e47,2
41371909f4,2
3c09e0045b,1
36b66c146b,0
dc5370fbe5,2
80ec419b98,1
876f8b6f14,0
3e4f15bd47,2
4c1ab6c42c,2
b7be48bdd1,1
60f49e7f43,2
145718d6e4,0
49dd566e90,1
bf3ee74039,2
e02fdb9ad5,0
91ff38982d,2
a42683043b,0
cbf7b71110,2
83de8e1f91,2
4d9ba03519,1
b18b12ba97,2
eebe19165d,2
7fbac76832,1
8ecf1961c0,0
db7e8a9646,0
ce420526ca,1
f23ac50bc9,0
002d0f5868,2
ab256fceaa,0
856d2f9e73,1
96f729f8cc,0
34c6810321,2
31d1bfe97e,0
d1b14059f5,1
ab8c5a634d,2
3d900fe9b6,2
933335c482,1
e21cb02f14,2
14527cd3ec,0
578df44c43,2
e40fce09ce,1
fd889b412b,2
efb35177a2,2
4bbb9ca869,1
b69c714e84,2
ea09b6bfcf,1
463846836d,1
f39fb679d2,2
27c4098d95,1
79556edccd,1
d3a03ca7d8,2
ee0848665a,0
c28d8e3622,2
0b0f3e687c,2
9bb455276a,2
76178f6f18,1
86a1433b0b,0
58acc24227,2
96117c1432,1
61b7a38f02,1
a389b84f7e,2
2fbe481e9c,0
f72478e5ae,2
245cd78cc0,2
faac3868f4,2
ece6252459,0
be4f270056,0
80b2e6cb8a,0
1fa6954953,2
b5eb633d39,1
e9b44b8d43,1
ec1058e5ef,1
f603a80033,2
ffc016223a,2
b277adfbec,2
9550466a27,1
5861fdaa82,1
30d525e07c,1
993019f38f,2
8ecd61d750,0
06d3cd1e6e,2
617379203d,2
5b17fc1c42,2
4bd84cbda8,1
3c2890f992,1
b8e080ff53,0
cd36aa9a40,1
e1798e72f8,0
19d687dd11,0
a9d086ba15,1
0dcdcae906,1
22ad9cbe20,1
c24e9f922c,1
ed5ad272aa,1
bcb6fb6d50,1
ad14d50a01,1
4a3dbbd111,2
016dd3a2fd,0
a7a817c9be,1
ad830c18e5,1
8b236f4cdf,2
d0eaf9448f,0
73277ab9be,2
1a9274a9fa,2
ba2806d687,1
4d5e65a435,1
7165f6dcb4,1
8aad2251e9,0
0ea2c223b1,0
795e320205,0
4f42c945e7,0
a8413649f9,0
9422bb86b1,2
855f360475,1
f3d9729b59,0
89d11437cc,2
4e22b30fd3,0
f6cbaece7e,1
0d26711de3,0
778ec123aa,1
b75bacddaa,1
0477a7322e,0
ef8bc60c1a,2
bbd8436c79,0
c8b559e652,1
13ea51a14d,2
5c7e3f4abf,2
154cc5d89c,2
7484ae9302,2
a0030791d8,0
4c08015860,2
6e4cd36586,1
e4a5a1ef6e,0
2045a643a8,0
df7e8069ca,1
84f0cf6848,0
f37f7ba325,0
9bff777abc,0
00430229dc,0
892d2f7f35,2
81e519d46e,1
7b0a15cbe7,0
fe9aa2b120,0
f27539982d,0
ef141adc78,2
2969547cba,1
1a75a4e80c,2
b73eee39e3,1
6e8b939fd5,1
38d045b1a4,1
eb215c1bc0,2
ee9fbfa772,0
39464c5a51,2
5df746cafc,0
fe25640c0c,2
1295771d4d,1
a9c95b7bef,0
b95177aeb6,2
1091d3103d,1
05fa1c26bc,1
d02a3a5a70,2
eca7c283f3,2
ffc9078f40,0
e6d06f2442,1
7b9023e328,2
3927434f1d,0
237c334b78,0
ad85db44bb,1
e5f6cf6d50,1
f1392ce96a,0
34a0028ac0,2
66eab148eb,2
fd5aa63bfc,2
5dc887e456,0
4ef2ce13d8,1
b8ef9a31dd,1
33dd07ec11,2
25c33661f0,1
aeb5bd0824,0
75421e2391,0
16c46d83b3,0
6d836d0c16,1
e18eeb0f3d,1
3d744019cd,0
3b34c7cf8b,1
2d62a208c3,2
79d879da09,2
5583568fea,2
6261649cb0,1
517046eaf2,1
dbc4bb81fa,1
02f0e64310,1
171815fcda,2
29d27befd3,2
3118085055,1
c2af86bbe4,1
e02f2cb1b6,2
e26165abde,2
313d8a7d7f,2
26b9be649e,2
2fe405a5ff,1
a183ecb40b,2
4f0d748044,2
40275a4c7f,2
f115755873,0
54d0007a56,2
f3c8d37d17,1
11b392d831,2
6cdc6aab2c,1
1ab9d6daa3,1
0790b3196f,2
b059907e50,0
1207381a16,1
625435dff6,0
a09c0f58f0,2
cef9e28951,0
e8820ae507,2
7e60b376a0,1
b53ba3eb49,0
13378a725b,1
bf6ca32459,2
0f56eb35a2,2
dd955de353,2
d8940485f8,1
9d2b691e9d,0
eba1ae9c9a,0
c53c61b2e3,1
06f9b00a14,0
efc1bebb43,2
8c61977e1a,1
d76bf5d8f7,2
96d6335aec,0
2db8166251,2
0a2cc81f26,2
482579bc06,0
99d603717a,2
1eb55fd205,0
f40f52fcac,0
4a2c96c46f,1
b5c531c77a,2
902e57d645,1
42d6065cd3,0
6cf491d341,1
afac714091,1
6b3becf532,2
678440a250,0
7db26b7c37,1
4de660616c,1
b94ccb5c9c,0
0f60bdb60e,2
6a7951754a,2
99ce4a8d3d,2
ffcea20a66,0
58ce6aef71,1
743fdb7eb8,1
74a3c5860b,1
ee71ae7d68,2
8c438f66a3,2
0865a6d8e3,2
6566795dcf,0
89f5feeb40,1
b0ff1dd12b,0
5c7e00a4b2,2
21060d118f,1
a3d5d72aaa,2
4f65d19d57,2
6dffb5256e,1
e09de63229,2
9a495bb5fd,1
5da80cc2f6,0
89ec17b705,2
a5ed76e441,0
a0d2d4c0d6,2
9d8ecd70cc,2
570d9a2ea4,2
326007a79e,1
557d34cb76,2
87bb8a239b,1
d32cb905fa,1
89acbe20ab,0
e9f5109863,1
91cecfc279,0
877139f2fb,1
7d29cd1ac8,2
0665f2235b,0
98e6096c69,0
c99b0b9621,1
20ce4cdc8c,2
3517094a17,1
c3e20dd05a,1
43620ab661,2
abb415bfd8,2
9425264056,2
044427e57e,2
0dbc7fc313,0
4d76ff6f90,2
692e38cfa9,2
16b6dc7eae,2
20a63e410c,2
37b538d5a1,1
038f1d4125,1
3088ec714c,1
1893df46d0,2
4954abfae8,2
31c5860338,0
cc605caced,0
f78b93c538,0
a31ab5e6bf,2
d2972c87a6,2
6562572d19,0
4c29728dfd,0
538c8e47c2,2
dd18a47657,1
cebe8fa728,1
177f143f9f,2
5d3e66d02f,0
686cc7bc28,2
5eab7ee190,2
28cf8787cb,1
b46621d4ea,1
953a591318,1
ad2edcc31c,2
513e083ad0,1
6640eda604,1
d2c49fef78,0
88861bfa27,0
13219faf87,0
2f680e28b7,0
9ade7b13c5,0
50b431dfde,2
72723bd379,1
82121def01,2
3aa0ffbeef,2
48a54e3ca4,0
9fa97cce4a,0
9469930e2d,2
41286ee69f,2
ee6ab061f7,1
fca6d2de55,2
89fd014cd1,1
1994b7a35c,1
dcbdd7bdc8,0
3353aedebc,2
07c400a71e,1
b098f6a1b5,0
23c6eeec46,2
f834c61120,1
fa51e08ea5,2
85062066a8,2
c0536b6716,1
0f011b79e8,0
0b6392774c,2
948d5bd74d,2
775f6998e8,0
d78204e22e,0
8e1455ee8d,0
84993e7e20,1
297a90c342,2
40445c38f0,2
034913efa8,2
cc0182912a,1
e2291f2bd5,1
da7a5170f8,2
c1a028afd4,0
924e66e9d7,2
06d518d463,2
ad88f4993d,0
3dfe9df028,2
5b8e581b06,2
0c310c6ae8,2
e66359daa4,1
4efa8d731e,2
ec88e9d225,0
72260b0e43,2
2469a9b69d,1
6560e281ae,0
920621a240,1
a9077bbcd9,2
fe94bdaada,0
eba4cd36e8,1
5765f5b6bb,0
3275a97926,0
9b8fea1fa1,0
cafe3a799d,2
80f477667f,1
250dfc5d57,2
31515f250c,0
517acb08a4,1
fbbace4334,1
1f849c0144,1
ee63dcac0b,1
0d4da5b21c,1
897489dfaf,0
ee616b3a11,0
5c57b8367f,0
1db205fc39,1
fe237e5484,1
eabe043549,0
36ef4bffea,0
a3bc43802d,0
a5b45cd977,0
5ff16d5a1c,1
ba75e793c2,1
1c846b87e3,1
98ffac2c96,2
f516c2232f,2
d3f8985627,1
f427644bbd,1
16b5415a54,1
3e89579cd6,2
8563c6291a,0
aef65d1d1e,0
60d5d4e485,1
86f8bb1f9b,0
882b87cfc2,2
5f3e6c532a,1
70b79d3deb,2
a80d463fef,2
822d81c3e2,1
8f5919a686,1
653b077374,1
720c2c3bbc,1
ebbeefddd0,2
8650bdaf6f,2
efbebc34be,1
d109b1d3de,1
e847cc2836,0
64a38be941,0
534d56b634,2
1b44bc65d2,2
25f94b8dc4,1
af1476ab36,1
12f2531b5f,2
5bfe3eb4e9,0
5a5fc1d045,1
3e5d44ae32,0
a751eb3c40,2
4030f74983,1
108abe48c6,1
cd100797dd,0
4e948d4890,0
7aaad8e667,2
5ba3273e70,2
bf2ea6b70a,2
f78a8c4c20,0
b4b252afde,1
90ec448cd8,0
d0ff2094dd,2
a5256bc66d,2
5b452a2ff9,0
0b04961869,1
0e9e78494e,0
01e151b010,2
f6671ca1df,1
63688ebfa9,0
28e857d37d,0
e6fa85e2b2,0
db7e6e8edc,2
fca5d13c7c,1
835fc78aa7,0
3476c49d6f,1
f93e099221,2
772c9c942c,2
4dd1b7dfa9,2
964ba48c6e,1
4a123388c7,1
6362b66534,2
23beafc540,0
a845f3fbdf,2
5e1d4e3bb5,0
c481699725,1
bfae0709bc,0
768191eed9,1
ae01316a86,0
084af194cd,0
6bbf4c8679,1
1143ee5328,1
0a1214927c,2
8e7642a9df,2
9bac6552fa,2
38ccf82a89,1
730786e2d3,2
7c66293d8c,0
ef61834453,0
5c15bd09d8,2
197102f82e,1
544b112b9e,1
1ada1328c2,0
0437fa5f50,1
eeb633625b,2
08f7495dcb,0
9fd90031fb,1
7b89daf16a,2
360e2f367a,1
c79ad03e9d,2
45566a6df0,1
a901e206fb,1
d5f3cb732e,1
29fa4cd9b6,1
12b6047c94,2
ad3339556d,2
9ee109da31,2
e6089762af,1
dc1c0cd2b9,2
e98acdc195,2
d7fa0fdfc3,1
d34bb8ecf1,0
2121023d52,0
fb1ccf7d3a,2
dd218327cf,2
7496c3199d,1
b5c5316775,1
e43cbfd8b6,0
bd63203660,1
d2aba02c1c,2
a5b75e4fbd,0
09e87d563e,0
f53b71c556,1
84ec0eff48,0
e698094479,2
c006dfab1d,2
aa7dffcb84,0
8f082f55b0,1
5c9ad365e2,0
a8462f5f05,0
a792b8d6d7,0
f3f8577334,1
91591a1765,1
4b4f138d77,2
4b551fec8a,0
8368a77b6d,0
ce47ce9f90,2
8066fc85b7,0
8cedaed77f,2
c58723f7b0,2
b4bcb8233c,2
8adf3b17ce,1
d438c08fe9,2
10b514e6a8,1
465d1df57b,2
3177ff9bdc,0
a50d386503,0
619a5b599e,0
40712a3230,2
e8180fd3d7,1
426391f008,2
ff1821374e,2
5deccb706d,2
02e657d236,2
b96e43c5e5,0
9a4ac3d40f,2
2c07f4b522,2
e79d56d80c,1
7f614fe2da,1
45dd0dfc8e,0
26e6612e59,1
bbd5d9fac9,2
63d563158d,0
57fb0a937d,0
fb61847330,1
3133d8ac09,0
3f01da2160,2
5289d67281,2
0d2765f5f0,1
b09f8beff0,0
090a9e6273,2
8a8a32919c,1
f1a6d0acef,1
ecf8a522e9,0
64573f85e6,0
67adea512b,2
8f5eb5e42f,1
9d19a53ccb,0
241405c3b7,2
69796d5e55,0
2bf8d0740c,2
aea650542c,2
35fa38eb96,0
6baa4ee2ce,1
b5c36e11b6,0
39c41f1709,2
11f4ecc8fb,2
a11dfd1df0,0
d472c467b8,0
7c9a7c8206,0
b64a8f7055,1
e945ad4b47,2
a1e463ae38,1
785b05d8cc,1
05ce2917be,2
7bfdf48677,2
2c2a2ff512,0
3a443a7316,2
545d3c9b0b,0
f2e41e99cb,0
a61f5b5e2d,1
e67f23e35f,1
87adbd7b05,0
ca36403b09,1
f0dc04fc06,2
0a787ba174,2
c3b40c1455,2
8a484a4e72,2
06207f3c4d,1
d8093bb18b,2
e3371faa8b,2
f9c0a031b4,1
d08079179d,2
621d136863,1
b4aca4927a,1
19925445a6,2
df295c35e0,1
79c9190a2c,1
5e0b3aab30,1
61304d2de0,1
dc7e94f891,0
d16e95adc0,0
ad2eef5282,1
ada5242409,0
1e0f551e34,0
7560f09e21,1
6acbf6f42d,1
5d91953b7c,1
509ffb8777,0
d49acea268,2
39fc953b41,1
e2abf48d4b,2
1831488a00,2
d8eeb8f71e,2
6d45b7b528,2
e637764027,0
69caacd23e,2
d0560fe908,2
75c1616ab2,2
5a9f0395b9,2
beffd6b733,0
b5afcb343c,2
fba6f5ed16,1
5ac7a332b2,1
5104944f34,1
b5e9f2a91b,0
123f11845f,0
05d4256fae,0
10955a88bf,2
b6e20852de,0
1eec1c34b7,0
e9fb236db4,2
3b92754f8b,2
f6f4c63d94,0
eeefe63e09,1
038941debd,0
74e1656129,1
46ca00a835,1
97355fedad,1
d074f1ee86,2
258d45487f,2
8b09364b38,2
6fcd0165c1,1
bfc0fef7c0,2
a4f6e7ed83,1
be1c5a8a78,2
ba11af2a5d,0
d49821f0f1,0
e6be268da1,0
91e19939aa,0
edf9f06ec1,1
6d0733ee93,1
5b692d047b,0
a4b4edf27c,0
f958907a81,2
f144490593,2
8d0e34870f,0
c35844424d,0
8a190cbfe1,2
ca01737970,2
f46312f0ac,0
91531e452d,1
ae0048dddc,2
6d56a457d7,2
adb8574ce4,2
dca2c74ea2,0
b83c650904,1
84e7081aaf,2
3fa7a1c5ae,2
9b07048098,2
4e42ce8fa9,1
22667145c8,1
c6d7f11dbc,0
eeb2995d0b,0
f1edbf0a66,2
90ed794c3d,1
c3ee8e475d,2
43a388eb8e,1
b12c50f5ce,0
7dac883880,2
44bfad0bfd,0
749b9c07ad,0
8820375d16,2
466e43a85c,2
966a507150,1
545d4491f9,2
6afa181ca6,2
69ef0216e4,2
0156c2c00e,2
aa757e5e73,2
91e1833bd9,0
1d32529b0e,2
fcc0d0d825,0
38e20b3dbb,2
04ded7e472,2
6840a4ce41,2
85c8fb9252,0
11b8452635,1
82d6a94df6,1
104e002176,2
403bf4dbe7,1
6e016c1214,1
a7ffa44a61,0
8846b46a20,2
95b23854e8,2
07f6fe3531,0
8e6fc1d0e8,1
60aca3d9f2,0
12db87eea1,1
1d8b849ca7,0
2867dd61ed,0
ee77121f96,1
4e9c6d9878,0
b47ee29912,1
eb06cd450c,1
d8d34aebfb,1
a3bcdcc8e5,2
c09d5e2a8c,1
facaed790e,0
3d0b8667de,0
426fc988ca,1
293fd228d5,0
b89485e78d,1
c75af704b5,2
1fe0e6b9b7,0
c48afb9178,0
6cacc66cd3,1
8951608704,1
d6687eb6a8,1
9538f9709f,1
b6dd711143,2
c3eca2d90b,1
8664906c6d,0
b246d33ca9,0
9f9a0816e8,0
a004bbfb8f,1
afe25a8712,1
dd153567e8,2
6b7c55acd4,0
d4d43c3d15,0
fb2bf6e341,1
9a3c7e1150,2
a1e96222f2,2
0f08495392,0
dc2566fc3a,0
aa9aacfe07,0
e62969564d,2
ea98f96e09,0
c99b2de24c,1
a508a485d3,2
6874a8fd29,0
82094736e6,1
0ed0b2183c,2
ae65c5d1be,1
c81a1b8ed1,2
5f5624a18b,0
bc6b6cb824,1
312c2ec549,1
e51cd529ed,1
8b12734672,2
fc94ba8c74,2
f260a7c029,1
06bf58245d,0
348de2abd4,2
ca0b62b584,1
fd829c5589,0
b7eb8520e4,1
7e34a9acd8,0
10081b27c7,2
d02537fa62,2
d290355170,1
fc0c3d460d,2
df7e6e5c97,0
e4955531bd,0
34ba3721b4,2
bb92933ffc,2
e7274df1c8,0
d1bb689fca,2
6db9ece727,1
4dacd11a47,0
2e1ff13b64,2
5d0a13e26f,2
29649a13e1,0
ad80c040a9,1
935dde367e,2
9eacc95ac9,2
3fd6e4c599,2
a1dea9ccc4,1
2cdc1cb553,1
1afeefcd75,1
db8c4f64e6,0
eac6647866,2
e22beade60,1
cbd8dae710,0
a333ac7f5a,2
91c88d9868,2
8ccbd28930,2
e0946459ba,1
35507043b6,2
ae1ec56001,2
c22c30f81a,0
1d78e3ffec,1
be046b1ed5,0
814983d46e,1
b845bc31ff,0
cceae2d8ad,1
729c24e37c,1
ccb8033826,1
6958d33125,2
79c529d6cd,0
921109a819,1
d7ade258c9,0
d480468cbf,1
87baa8baff,2
4072dc2286,1
c4289d5468,0
1a9d5e9d78,1
0741e1bae4,1
c016644965,0
00ffdce6ce,1
fec8d8dc0e,2
076cb3dcd6,0
2f17d9b24f,1
11cbb43d4e,2
4b400c4fc8,1
39ccf0688a,0
4fc9545c73,0
112beab3b8,1
572738e915,0
9d7204d09d,2
7d9e040822,1
c4df65247f,2
795c1656e5,2
c20d7e7736,1
4000a96078,0
9bc2cdea49,2
c6a34c1ea3,0
bcb42819b3,1
8fd7307572,0
876f35ddcb,0
58f4ee61fd,2
c9bb61510d,2
d1c14ab82a,1
810817356f,0
4fa3261856,2
708270b3ec,2
514a1deb71,2
fe74871c3d,1
2eb91986fa,2
2707d8f8fb,1
b383365a6f,2
33f5d78bc2,1
e7ddd26505,1
dfb653d019,0
87b5090e61,0
9d7f4bc970,0
6849aff978,2
e63a7d264c,2
5e41a0d586,1
d359b0fd7e,1
fce3512b32,2
b623cd6b66,2
7da1f9f325,2
d17a2235d3,1
7856826f47,2
5bb94905ac,1
78e1f7e5a8,0
4ac49fa3fd,1
36c8a2fbbd,1
e3934490fd,2
9a953d17bf,0
f719c64bb7,2
a2907215a8,1
8bd5c60b51,2
0271f4358f,0
3263625f20,2
d3a1f4ef02,2
93ec666617,0
030504e3ff,1
7a796e629f,0
36245278b0,2
7ea5d5a014,1
d610a1735f,2
f3154c04c3,1
0a092f069c,1
3f71ec0515,1
0707563d69,0
339e18d3ff,0
25909108a8,0
d42453c46b,1
6ffe7a5602,2
be921b0e13,1
7924f33c2c,1
9f1dc84259,2
d5950f326f,0
ea5415eeb0,2
20a4f0129c,2
e7e5e7b115,0
9bb8d84389,0
dc84a2c251,1
01392be83b,2
7647bdf18a,2
665c985822,0
6a61bae6eb,0
a51e1ac4bf,0
59af1f0a44,1
7f80ceb4f8,1
36a83c82dc,0
967acbd410,0
25cd68fe86,2
7379f4c2e7,1
a31b9893a5,1
4dd7a8a734,1
8d2fb5513b,1
e1ab99f05e,1
21e53aa923,0
6a835d1b77,1
7cafbbeba5,1
a2a6debc74,2
a995500549,1
1657a7202b,1
fd56775748,1
3a91f9bb67,0
42da572974,1
014e662ae0,0
4a72cb5302,0
51f2882db0,0
cc0ca7b48e,0
b7107ea585,0
b34eb2f5ec,0
0807d2ba50,2
dfdbf66e46,0
84780b058d,1
bce10710ee,1
9ab4075e02,0
0fd24f85ca,0
b648a340a3,2
b232a3ac2a,2
e6a3b770e9,0
a38077b180,0
86022b3fda,2
33350c4f90,1
d4a6c87f4b,2
767631a383,1
b2c78dac06,1
fbc627b1b2,2
5097d3e084,1
0958727490,0
df695f0fe2,1
ca7c6061e3,1
a4ada2acfd,2
0042e62a44,2
6f6f57f7de,2
afd75dddae,1
659bc9d7e7,1
e909176898,1
1c9f0c09c3,0
b200eeead5,2
251ca3ad0b,0
9616313865,1
368c7f3d03,0
b1fa6d8004,0
ed59ad113c,2
bc3f95773f,1
bfe756cbca,1
40b28154cf,2
b269c6bfab,2
a7a498af42,0
421a40da11,1
b8498a4468,2
9bbb6184ca,1
7961e2d4bb,0
6fea502f70,2
31ff97b80d,2
f716b969b8,0
cd39b84c20,0
c808a4aea6,2
dbeb8348c7,2
9d6d77687b,1
5689dbc430,0
f57d2b92fe,0
a36d855511,1
24558fc8e3,2
eca1ef9cc8,1
de724dc228,0
1531571ddd,0
ab3f522ee1,2
dbb538d734,1
5a66f010d8,1
536fe41071,0
ae87cabbca,1
3ca04e5834,1
7269633895,1
37dd4a7a8b,2
5749ffc066,1
f4811d6617,2
d73a4c6268,1
91e90b8c74,1
7726c9e830,2
a0510574a2,1
1e5292fb61,0
1b02cdd605,1
62fff464eb,0
bbccd98018,1
faacc6a5fd,0
41c3af4a95,2
9b2d1ed444,0
78288d17d4,1
6c9ae7451f,1
9bb7c55e1c,0
11f5bd6a96,2
2303757bd0,1
f54f2f05eb,0
f9d5731ba5,1
3508ee0005,0
33021e93a4,0
796f6238b1,2
5061969a06,2
d0e72b85fa,0
6c76fec253,1
0df4e7f379,0
d76f779cf5,0
97ec015198,0
e8db0995ec,2
d8743a4a32,2
10b532a2c8,2
a19fa9b83e,2
7b7d76ead9,2
a40c8a5485,2
35e654ecc5,1
5eb220f2fa,1
b7114ef777,1
79bc99a2d4,0
c19ece789d,2
e2427616cb,1
05aa717c2f,1
a535fb768e,1
7db4042c2a,1
04fc331445,2
c01698bc7d,1
915b8eabfd,2
ab7b0531bb,0
8d1e511502,1
035235cadb,2
7f6a4db4e2,2
47262281dc,2
921c2efcce,1
140a660fcb,2
56a05bd642,1
c0360a72e0,1
a738dad578,1
0324cb8b0d,2
69d9676d8d,1
87df131a9b,2
028793df8f,1
55ec507ea7,0
35b7aa02cb,1
cf631ae72a,2
bea3dbec3e,1
4fd94ba0a4,2
883bd95378,0
10a56179d9,2
a6217183e2,0
bc955f3ba4,0
049ef3add0,1
c2dcec977e,0
7db6e6a671,0
2440de3811,2
0c2bbe8f48,1
ba00146e8f,2
71c6fd3ea3,0
07f20b5e44,1
9c3e4e1e79,1
5fd9fa76d8,0
fd1361dcd3,2
a7097d4bcd,0
eef6b893cb,1
57fca95ff7,1
2050128905,1
68a5966fc2,0
fe6896cc1d,1
c7f90a75fd,1
e226accf8b,0
4cc4b73cfb,2
43da5a93ce,2
6517bc8e9e,0
f319b860dc,0
46baf47d7b,2
8fd0f74513,0
e703bf69da,1
d71dbea88f,0
16444ddf6c,2
6d6e909b96,1
df33dbefb0,1
7e15b001cb,0
53ba2bc7ce,0
723955407e,2
61a2e2a4b8,2
9eda2dd4bb,1
0ebaf78fff,2
a02f344be2,1
75c9aaf3a0,2
e491496b7d,1
3cbd1fe797,1
3ccad640d1,0
baa23f3867,2
ca0726a1d6,0
1bf230edec,0
46696a3521,1
45971052b2,2
d959dbfc78,2
a075085425,2
2299ec6426,0
42ca7195a9,1
e6f76695ec,2
3f633deb74,2
7d4e4cb433,1
3c0680345d,2
2d0430343c,0
db51a72f4f,1
b58365e0cc,2
2f26dff025,0
438d6c0cc1,2
d0bea822e2,0
5700951474,1
a907d72d44,1
c418fcec3c,0
986d1f03df,2
db5a874bca,1
1d6bb9e8f3,0
c0903c912b,0
28bf4846d0,1
78c2036ff2,2
54c80f1682,0
4d976d52a9,2
a8d9b922e0,0
d074178155,1
5df236fde3,1
58561149fc,0
8b28faf8ef,1
b9e0d69b38,2
eacacd5caa,0
5ec751e79c,2
c86c61c94e,1
f617811f04,0
279cbe3f50,1
729a7f73e7,2
0cd8ca4d12,1
e12235451b,1
ba8f8c1389,1
25f14465f8,2
f0318253cd,1
d3b6756d78,2
f996c1bf63,0
19166c1b46,1
c4145b04d0,2
4fbde195c3,1
0da03f96ef,1
d65bd6482e,2
178d2e270d,2
26b16510b8,1
41b9b89df8,1
a6128f8fef,1
df3ce54475,0
5c383faee2,2
4ae360d30e,1
46fd1f1e35,2
e83e4e3342,1
00025f94ac,0
49180dc484,2
ed5d0336a1,2
53f3c27813,1
df79c0e400,2
21b58487fc,1
1df73e08c2,2
ccd447d124,2
44503f4dea,1
d7c97ac42a,1
90c7df2c60,0
2d73649c13,2
560cb43f2e,0
9f8c67cfa1,1
f5eabaefc5,2
9418ec4b81,2
67ceb3b3ed,1
33799b9b10,0
d38c8476cb,2
8411bc0b37,2
8a93d1eaa5,0
60a1ef4eba,0
583869942e,0
c74aa8292d,2
4bc72cdce0,1
7e965eed9e,1
b18c41dd46,0
fee93206e2,0
2241c4da8d,1
d8c09bfbb5,1
4caae7be7b,1
1cf073b067,1
ca0b1ac1c5,0
3eca3d1ca7,2
3fa620391a,1
b1cd02de6a,0
a238e4dfdb,0
49d1e9c625,1
a663fdcd8b,0
21737d69d5,0
5f3409560e,1
790d418d61,1
a10f1eb015,0
b9f6d4c4e6,0
a0aaee0398,0
3e6f2dbf10,2
bf5ae9fe20,0
9c1e1da0c1,2
428cc4773b,0
74c6fa3374,1
28a7a11b0f,2
9a6ecb4f74,2
0f2f48683f,1
a906068293,0
f035dd565b,1
527787b6eb,0
0ee2b39f37,1
e5a80ed6ba,1
6a6bf88953,2
d1f3c66466,0
692bf759c0,0
1e22026ac4,1
f14d227593,2
0504a11780,0
d012c91c6a,1
e65275d740,0
d83a2d3292,2
cc3f5c64b4,0
aa03d3563c,0
654bf044b1,2
7646dcc33c,2
0393470806,0
773d171552,0
8cf9db91bf,1
05810dd996,1
10cfd7833a,2
0bb1d024f0,0
10f4ac9d11,1
6f32a69dc3,2
5860d341c1,0
f14649421b,2
36ef24df21,2
ddd65c9ae2,2
b1bc37b7fc,2
9153dfe9ec,0
9174a8a76e,2
b9c533db92,0
21a1d2af87,2
3b844b2968,2
2395d0b146,1
37447a00c3,1
44be410d9f,1
98afa3a83e,1
d43a3e3934,2
dfaefcaba4,0
dfeecc4084,1
010fbe8de7,0
f8c0376278,2
4a85eb4a21,2
822580399c,0
7cf3bcb3ad,0
fc42a72a7f,0
e16357f834,1
118ab1cdc5,2
804fa35caa,0
7cc7006e2f,1
8cfc6abd3e,0
fe4af27a39,2
e0a6b96b41,2
3df1db0d93,0
0e0d816175,1
15006a82b5,2
394b4cae16,0
11eecdaeac,1
4555a7ad62,0
f94bab2537,2
3bb3f53f62,1
99d54a2924,2
c648f64e35,0
74b745c9e1,1
7d6a5b06ba,2
4969299008,2
3db4970b97,1
269c09656d,2
bd1f0fde11,0
c38facfa47,2
138a1b848c,0
3e3dec69f0,2
3c64072ad3,0
9b647511b9,0
2ae93addbd,0
c59fa5fcf5,2
81ea362574,0
4a58542cc6,1
7f62486d2e,0
a735fa3655,1
cefe507c84,0
4c8e9412d5,0
454cf7e29d,0
b939e1a969,2
fffa592db9,1
932defb923,1
61e9b7a9c9,0
7f9ad2c0cc,2
8a8395248b,2
2a9897b3af,2
50be59db8e,1
79dd9030c1,0
f79f708801,2
5a7223ad19,0
1b1529ebd5,1
f2c9dabd05,2
fba50d5651,0
115c392946,1
c35aa5fbfb,1
2ad0c241a9,2
8bb2f9218e,2
f114f01150,2
d92fa7ad6b,1
48654cdc73,2
fa15569545,1
e3a06205f5,2
d0583b9383,1
dae0d1991f,2
9e0ea9ecbc,2
15c485bf8a,2
94731b1381,2
6f0a06a8d7,2
a48b07c49c,1
34cd323b96,0
66ff861614,0
6c3ea6f168,1
8b74d03b53,1
53657af44d,1
dffbf4838b,2
86a70bb411,0
bca27d3121,0
a2cb786540,0
df680f8d6d,2
9cc66f6357,0
c16b4bfcc6,0
349c582f44,2
1965d6702f,2
4d5bdd9edb,0
4e4cf4ce73,0
249b4e1b72,2
278649cee4,0
91e6b8ef31,1
22040d132e,2
0020718207,2
7779da7d79,2
30566ebb33,0
33219a1c83,2
4f44c62c1a,2
7f8298d7b5,0
591b17fe92,2
ea5f461825,0
85b1f780b2,0
47581f9167,0
bf5acb611d,0
30823dc634,2
a9f8674f8c,1
ada79db431,0
2329e19844,2
f573e0b598,2
7a9381dd7c,2
7e42670cad,0
1b545f1829,1
763c163dc4,0
55a54a8f09,1
e19c140461,2
92c2ac6fd0,1
581e9ad249,0
84fb908193,2
b69472800b,1
854d704177,1
f0823b9a42,1
2fdab9fc61,0
07996277a8,1
ef20b8529b,2
afa34dcf58,1
e4f1debbf5,2
2be1dc12f3,0
05ca315962,1
9625e3bf5e,1
d08782fd15,0
ad323f2331,1
1d65bc3cb4,1
109b507fc7,0
87f1e81029,0
9156ebd727,1
836d568e81,1
9615270b71,2
c3944fb307,2
f3849341cb,2
4ac6c8c846,0
bfae26dd69,1
975dded02f,2
4c5dfd24cc,2
2f1df5078a,0
c78ba78eae,2
dd0955f700,0
a7f39709c3,1
f789ca57cb,2
4decd5bac2,2
5a491bed1c,2
87f61f6b3d,1
5415773321,0
f7577cfcb4,0
d874aa1893,0
c2597b0c93,2
a5dd99afef,1
f1edc81e7d,0
919effe64f,0
88f9396708,2
7dd65166e6,1
0b66ee4a37,1
eff2c60e97,0
7618dd5a26,1
d349fe8ab4,0
0242fd3023,1
c2e4b293bf,0
3189b0ae29,2
f88b84f4e1,1
5f90dd59b0,1
f357a04e86,1
1f0ea92118,1
0407b48afb,0
16c2f2ab89,0
